Date,cbp_apprehended,cbp_care,transfers_to_hhs,hhs_care,hhs_discharges,total_system_load,net_intake_pressure,load_growth_rate_pct,rolling_7_load,rolling_14_load,rolling_7_pressure,rolling_14_pressure,load_volatility_index,discharge_offset_ratio,backlog_pressure_flag,stress_score,Week,Month
2023-01-12,33.0,53.0,34.0,6566.0,436.0,6619.0,-402.0,,,,,,,1282.3529411764707,False,,2023-01-09,2023-01-01
2023-01-13,,,,,,,,0.0,,,,,,,False,,2023-01-09,2023-01-01
2023-01-14,,,,,,,,0.0,,,,,,,False,,2023-01-09,2023-01-01
2023-01-15,,,,,,,,0.0,,,,,,,False,,2023-01-09,2023-01-01
2023-01-16,,,,,,,,0.0,,,,,,,False,,2023-01-16,2023-01-01
2023-01-17,,,,,,,,0.0,,,,,,,False,,2023-01-16,2023-01-01
2023-01-18,,,,,,,,0.0,,,,,,,False,,2023-01-16,2023-01-01
2023-01-19,,,,,,,,0.0,,,,,,,False,,2023-01-16,2023-01-01
2023-01-20,,,,,,,,0.0,,,,,,,False,,2023-01-16,2023-01-01
2023-01-21,,,,,,,,0.0,,,,,,,False,,2023-01-16,2023-01-01
2023-01-22,32.0,49.0,39.0,7122.0,227.0,7171.0,-188.0,8.339628342649942,,,,,,582.051282051282,False,,2023-01-16,2023-01-01
2023-01-23,32.0,50.0,39.0,7280.0,181.0,7330.0,-142.0,2.2172639799191263,,,,,,464.10256410256414,False,,2023-01-23,2023-01-01
2023-01-24,47.0,42.0,47.0,7433.0,175.0,7475.0,-128.0,1.9781718963165051,7325.333333333333,,-152.66666666666666,,,372.3404255319149,False,,2023-01-23,2023-01-01
2023-01-25,20.0,22.0,41.0,7538.0,180.0,7560.0,-139.0,1.1371237458194017,7384.0,7231.0,-149.25,-199.8,,439.0243902439025,False,35.9238896432948,2023-01-23,2023-01-01
2023-01-26,,,,,,,,0.0,7384.0,,-149.25,,,,False,,2023-01-23,2023-01-01
2023-01-27,,,,,,,,0.0,7384.0,,-149.25,,,,False,,2023-01-23,2023-01-01
2023-01-28,,,,,,,,0.0,7384.0,,-149.25,,,,False,,2023-01-23,2023-01-01
2023-01-29,23.0,45.0,11.0,7472.0,303.0,7517.0,-292.0,-0.5687830687830742,7470.5,7410.6,-175.25,-177.8,,2754.5454545454545,False,36.8161494386116,2023-01-23,2023-01-01
2023-01-30,34.0,54.0,29.0,7743.0,196.0,7797.0,-167.0,3.7248902487694524,7587.25,7475.0,-181.5,-176.0,,675.8620689655172,False,37.13609114695459,2023-01-30,2023-01-01
2023-01-31,26.0,36.0,36.0,7803.0,158.0,7839.0,-122.0,0.538668718737978,7678.25,7527.0,-180.0,-168.28571428571428,0.7861575307033108,438.8888888888889,False,37.39442917232471,2023-01-30,2023-01-01
2023-02-01,25.0,32.0,27.0,7903.0,231.0,7935.0,-204.0,1.2246460007653948,7772.0,7578.0,-196.25,-172.75,0.7418958230509279,855.5555555555555,False,37.64779915874541,2023-01-30,2023-02-01
2023-02-02,15.0,13.0,23.0,7879.0,298.0,7892.0,-275.0,-0.5419029615627013,7796.0,7612.888888888889,-212.0,-184.11111111111111,0.8231915929738463,1295.6521739130435,False,37.82112851764757,2023-01-30,2023-02-01
2023-02-03,,,,,,,,0.0,7796.0,7612.888888888889,-212.0,-184.11111111111111,0.8231915929738463,,False,37.82112851764757,2023-01-30,2023-02-01
2023-02-04,,,,,,,,0.0,7796.0,7612.888888888889,-212.0,-184.11111111111111,0.8231915929738463,,False,37.82112851764757,2023-01-30,2023-02-01
2023-02-05,16.0,18.0,15.0,7586.0,342.0,7604.0,-327.0,-3.6492650785605707,7813.4,7661.0,-219.0,-199.55555555555554,1.028572910383186,2280.0,False,38.060146391547704,2023-01-30,2023-02-01
2023-02-06,11.0,22.0,12.0,7720.0,196.0,7742.0,-184.0,1.8148342977380327,7802.4,7706.777777777777,-222.4,-204.22222222222223,0.988272058491281,1633.3333333333333,False,38.287572174565845,2023-02-06,2023-02-01
2023-02-07,16.0,20.0,20.0,7855.0,200.0,7875.0,-180.0,1.7179023508137492,7809.6,7751.222222222223,-234.0,-210.0,0.9222772762899246,1000.0,False,38.508373905651425,2023-02-06,2023-02-01
2023-02-08,93.0,196.0,169.0,7915.0,317.0,8111.0,-148.0,2.9968253968253977,7844.8,7812.444444444444,-222.8,-211.0,0.9014527148877103,187.57396449704143,False,38.81252829022179,2023-02-06,2023-02-01
2023-02-09,124.0,234.0,161.0,7908.0,353.0,8142.0,-192.0,0.3821970163974786,7894.8,7845.4,-206.2,-209.1,0.8497856487818704,219.25465838509317,False,38.97625277382174,2023-02-06,2023-02-01
2023-02-10,,,,,,,,0.0,7894.8,7845.4,-206.2,-209.1,0.8497856487818704,,False,38.97625277382174,2023-02-06,2023-02-01
2023-02-11,,,,,,,,0.0,7894.8,7845.4,-206.2,-209.1,0.8497856487818704,,False,38.97625277382174,2023-02-06,2023-02-01
2023-02-12,92.0,203.0,173.0,7434.0,317.0,7637.0,-144.0,-6.202407270940801,7901.4,7857.4,-169.6,-194.3,0.7956756586832533,183.23699421965318,False,39.03586924121485,2023-02-06,2023-02-01
2023-02-13,186.0,259.0,172.0,7483.0,244.0,7742.0,-72.0,1.3748854262144894,7901.4,7851.9,-147.2,-184.8,0.934801347045508,141.86046511627907,False,39.008545026993005,2023-02-13,2023-02-01
2023-02-14,154.0,225.0,220.0,7794.0,223.0,8019.0,-3.0,3.577886850942913,7930.2,7869.9,-111.8,-172.9,1.169033293829182,101.36363636363637,False,39.09796972808267,2023-02-13,2023-02-01
2023-02-15,91.0,199.0,172.0,7869.0,290.0,8068.0,-118.0,0.6110487591969083,7921.6,7883.2,-105.8,-164.3,1.1770315433876875,168.6046511627907,False,39.16404464611002,2023-02-13,2023-02-01
2023-02-16,81.0,213.0,153.0,7793.0,361.0,8006.0,-208.0,-0.7684680218145723,7894.4,7894.6,-109.0,-157.6,1.0904023734577435,235.94771241830065,False,39.22068029013347,2023-02-13,2023-02-01
2023-02-17,,,,,,,,0.0,7894.4,7894.6,-109.0,-157.6,1.0904023734577435,,False,39.22068029013347,2023-02-13,2023-02-01
2023-02-18,,,,,,,,0.0,7894.4,7894.6,-109.0,-157.6,1.0904023734577435,,False,39.22068029013347,2023-02-13,2023-02-01
2023-02-19,,,,,,,,0.0,7958.75,7926.888888888889,-100.25,-138.77777777777777,0.8321258206368689,,False,39.38109274776714,2023-02-13,2023-02-01
2023-02-20,209.0,285.0,184.0,7817.0,209.0,8102.0,-25.0,1.1991006744941357,8048.75,7966.888888888889,-88.5,-121.11111111111111,0.9191560881145828,113.58695652173914,False,39.57981430574415,2023-02-20,2023-02-01
2023-02-21,184.0,314.0,217.0,7967.0,213.0,8281.0,4.0,2.209331029375461,8114.25,8012.0,-86.75,-100.66666666666667,0.9996911606289441,98.15668202764977,False,39.80392806279601,2023-02-20,2023-02-01
2023-02-22,107.0,215.0,230.0,7978.0,232.0,8193.0,-2.0,-1.0626735901461126,8145.5,8021.111111111111,-57.75,-84.44444444444444,1.0472385207006154,100.8695652173913,False,39.849192417668554,2023-02-20,2023-02-01
2023-02-23,101.0,162.0,178.0,7914.0,386.0,8076.0,-208.0,-1.42804833394361,8163.0,8013.777777777777,-57.75,-86.22222222222223,1.0817287387096077,216.85393258426967,False,39.81276013203943,2023-02-20,2023-02-01
2023-02-24,,,,,,,,0.0,8163.0,8013.777777777777,-57.75,-86.22222222222223,1.0817287387096077,,False,39.81276013203943,2023-02-20,2023-02-01
2023-02-25,,,,,,,,0.0,8163.0,8013.777777777777,-57.75,-86.22222222222223,1.0817287387096077,,False,39.81276013203943,2023-02-20,2023-02-01
2023-02-26,99.0,190.0,176.0,7609.0,323.0,7799.0,-147.0,-3.42991579990094,8090.2,8031.777777777777,-75.6,-86.55555555555556,1.0824835035775207,183.52272727272728,False,39.90218483312909,2023-02-20,2023-02-01
2023-02-27,167.0,239.0,166.0,7800.0,248.0,8039.0,-82.0,3.077317604821128,8077.6,8064.777777777777,-87.0,-87.66666666666667,1.0762500810949494,149.39759036144576,False,40.06613011846012,2023-02-27,2023-02-01
2023-02-28,115.0,216.0,169.0,7896.0,200.0,8112.0,-31.0,0.9080731434258027,8043.8,8075.111111111111,-94.0,-90.77777777777777,1.0381817192319738,118.34319526627219,False,40.11746652093752,2023-02-27,2023-02-01
2023-03-01,84.0,158.0,193.0,7930.0,307.0,8088.0,-114.0,-0.295857988165682,8022.8,8077.333333333333,-116.4,-90.33333333333333,1.036015625202345,159.06735751295338,False,40.1285066074918,2023-02-27,2023-03-01
2023-03-02,130.0,227.0,192.0,7870.0,335.0,8097.0,-143.0,0.1112759643916883,8027.0,8087.444444444444,-103.4,-83.11111111111111,0.9219989465863698,174.47916666666669,False,40.178739001313765,2023-02-27,2023-03-01
2023-03-03,,,,,,,,0.0,8027.0,8087.444444444444,-103.4,-83.11111111111111,0.9219989465863698,,False,40.178739001313765,2023-02-27,2023-03-01
2023-03-04,,,,,,,,0.0,8027.0,8087.444444444444,-103.4,-83.11111111111111,0.9219989465863698,,False,40.178739001313765,2023-02-27,2023-03-01
2023-03-05,,,,,,,,0.0,8084.0,8087.444444444444,-92.5,-83.11111111111111,0.9219989465863698,,False,40.178739001313765,2023-02-27,2023-03-01
2023-03-06,,,,,,,,0.0,8099.0,8085.625,-96.0,-90.375,0.9428397087261728,,False,40.16969993044745,2023-03-06,2023-03-01
2023-03-07,88.0,214.0,160.0,7859.0,259.0,8073.0,-99.0,-0.2964060763245624,8086.0,8059.625,-118.66666666666667,-103.25,0.819319535451904,161.875,False,40.04053091776239,2023-03-06,2023-03-01
2023-03-08,113.0,208.0,159.0,7885.0,291.0,8093.0,-132.0,0.24773937817414993,8087.666666666667,8047.125,-124.66666666666667,-119.5,0.6471828061659193,183.0188679245283,False,39.978430430894576,2023-03-06,2023-03-01
2023-03-09,174.0,285.0,150.0,7786.0,340.0,8071.0,-190.0,-0.27183986160880247,8079.0,8046.5,-140.33333333333334,-117.25,0.5957091160187169,226.66666666666666,False,39.975325406551185,2023-03-06,2023-03-01
2023-03-10,,,,,,,,0.0,8079.0,8046.5,-140.33333333333334,-117.25,0.5957091160187169,,False,39.975325406551185,2023-03-06,2023-03-01
2023-03-11,,,,,,,,0.0,8079.0,8046.5,-140.33333333333334,-117.25,0.5957091160187169,,False,39.975325406551185,2023-03-06,2023-03-01
2023-03-12,,,,,,,,0.0,8079.0,8081.857142857143,-140.33333333333334,-113.0,0.62015271315286,,False,40.150981069405866,2023-03-06,2023-03-01
2023-03-13,104.0,230.0,206.0,7567.0,249.0,7797.0,-43.0,-3.3948705240986254,8008.5,8047.285714285715,-116.0,-107.42857142857143,0.6954745848014164,120.87378640776699,False,39.97922886572574,2023-03-13,2023-03-01
2023-03-14,147.0,276.0,214.0,7810.0,181.0,8086.0,33.0,3.70655380274465,8011.75,8043.571428571428,-83.0,-98.28571428571429,0.9091654209289353,84.57943925233646,False,39.96077614962787,2023-03-13,2023-03-01
2023-03-15,108.0,220.0,213.0,7915.0,286.0,8135.0,-73.0,0.6059856542171671,8022.25,8050.285714285715,-68.25,-92.42857142857143,0.9105602189884305,134.27230046948358,False,39.99413298257401,2023-03-13,2023-03-01
2023-03-16,180.0,280.0,146.0,7989.0,308.0,8269.0,-162.0,1.647203441917644,8071.75,8074.857142857143,-61.25,-95.14285714285714,0.9386756852988297,210.95890410958904,False,40.11620479675989,2023-03-13,2023-03-01
2023-03-17,,,,,,,,0.0,8071.75,8074.857142857143,-61.25,-95.14285714285714,0.9386756852988297,,False,40.11620479675989,2023-03-13,2023-03-01
2023-03-18,,,,,,,,0.0,8071.75,8074.857142857143,-61.25,-95.14285714285714,0.9386756852988297,,False,40.11620479675989,2023-03-13,2023-03-01
2023-03-19,134.0,294.0,186.0,7885.0,306.0,8179.0,-120.0,-1.0884024670455905,8093.2,8087.875,-73.0,-98.25,0.8744236764148869,164.51612903225808,False,40.18087801808366,2023-03-13,2023-03-01
2023-03-20,202.0,313.0,158.0,7931.0,279.0,8244.0,-121.0,0.7947181807066883,8182.6,8105.222222222223,-88.6,-100.77777777777777,0.8215428062830861,176.58227848101268,False,40.267059693747996,2023-03-20,2023-03-01
2023-03-21,110.0,272.0,193.0,8050.0,221.0,8322.0,-28.0,0.9461426491994107,8229.8,8132.888888888889,-100.8,-92.88888888888889,0.8716649849357503,114.5077720207254,False,40.404508771348766,2023-03-20,2023-03-01
2023-03-22,166.0,277.0,229.0,8097.0,246.0,8374.0,-17.0,0.6248497957221932,8277.6,8164.111111111111,-89.6,-80.11111111111111,0.8976415485932057,107.4235807860262,False,40.55962198743638,2023-03-20,2023-03-01
2023-03-23,136.0,276.0,178.0,8102.0,331.0,8378.0,-153.0,0.04776689754000252,8299.4,8198.222222222223,-87.8,-76.0,0.8188190816361145,185.95505617977528,False,40.72908731604456,2023-03-20,2023-03-01
2023-03-24,,,,,,,,0.0,8299.4,8198.222222222223,-87.8,-76.0,0.8188190816361145,,False,40.72908731604456,2023-03-20,2023-03-01
2023-03-25,,,,,,,,0.0,8299.4,8198.222222222223,-87.8,-76.0,0.8188190816361145,,False,40.72908731604456,2023-03-20,2023-03-01
2023-03-26,87.0,246.0,173.0,7847.0,352.0,8093.0,-179.0,-3.4017665313917367,8282.2,8187.7,-99.6,-86.3,0.8693410693751156,203.46820809248553,False,40.67681250621005,2023-03-20,2023-03-01
2023-03-27,84.0,171.0,157.0,7994.0,235.0,8165.0,-78.0,0.8896577289015273,8266.4,8224.5,-91.0,-89.8,0.8469520963506009,149.68152866242036,False,40.8596363395489,2023-03-27,2023-03-01
2023-03-28,167.0,209.0,157.0,8079.0,223.0,8288.0,-66.0,1.5064298836497292,8259.6,8244.7,-98.6,-99.7,0.6786476157977955,142.03821656050954,False,40.95999072632729,2023-03-27,2023-03-01
2023-03-29,109.0,245.0,159.0,8208.0,267.0,8453.0,-108.0,1.9908301158301223,8275.4,8276.5,-116.8,-103.2,0.6667812436554698,167.9245283018868,False,41.11797436491902,2023-03-27,2023-03-01
2023-03-30,156.0,256.0,176.0,8158.0,359.0,8414.0,-183.0,-0.4613746598840618,8282.6,8291.0,-122.8,-105.3,0.6995548882566831,203.97727272727272,False,41.19001092968569,2023-03-27,2023-03-01
2023-03-31,,,,,,,,0.0,8282.6,8291.0,-122.8,-105.3,0.6995548882566831,,False,41.19001092968569,2023-03-27,2023-03-01
2023-04-01,,,,,,,,0.0,8282.6,8291.0,-122.8,-105.3,0.6995548882566831,,False,41.19001092968569,2023-03-27,2023-04-01
2023-04-02,125.0,232.0,192.0,7981.0,304.0,8213.0,-112.0,-2.388875683384839,8306.6,8294.4,-109.4,-104.5,0.6972141555225363,158.33333333333331,False,41.20690226211373,2023-03-27,2023-04-01
2023-04-03,118.0,139.0,168.0,8054.0,284.0,8193.0,-116.0,-0.24351637647631597,8312.2,8289.3,-117.0,-104.0,0.695989677819839,169.04761904761904,False,41.18156526347166,2023-04-03,2023-04-01
2023-04-04,142.0,235.0,139.0,8068.0,259.0,8303.0,-120.0,1.3426095447333086,8315.2,8287.4,-127.8,-113.2,0.6177613489978984,186.33093525179856,False,41.17212598946775,2023-04-03,2023-04-01
2023-04-05,148.0,245.0,175.0,8175.0,260.0,8420.0,-85.0,1.4091292303986425,8308.6,8292.0,-123.2,-120.0,0.4868609055218755,148.57142857142858,False,41.19497896863511,2023-04-03,2023-04-01
2023-04-06,119.0,219.0,210.0,8178.0,284.0,8397.0,-74.0,-0.2731591448931092,8305.2,8293.9,-101.4,-112.1,0.49338909299586975,135.23809523809524,False,41.204418242639015,2023-04-03,2023-04-01
2023-04-07,,,,,,,,0.0,8305.2,8293.9,-101.4,-112.1,0.49338909299586975,,False,41.204418242639015,2023-04-03,2023-04-01
2023-04-08,,,,,,,,0.0,8305.2,8293.9,-101.4,-112.1,0.49338909299586975,,False,41.204418242639015,2023-04-03,2023-04-01
2023-04-09,105.0,210.0,149.0,7900.0,329.0,8110.0,-180.0,-3.4178873407169186,8284.6,8295.6,-115.0,-112.2,0.4954875233735186,220.80536912751677,False,41.212863908853045,2023-04-03,2023-04-01
2023-04-10,143.0,203.0,163.0,7826.0,265.0,8029.0,-102.0,-0.998766954377317,8251.8,8282.0,-112.2,-114.6,0.47761928825788036,162.57668711656441,False,41.14529857914086,2023-04-10,2023-04-01
2023-04-11,119.0,209.0,152.0,7922.0,187.0,8131.0,-35.0,1.2703948187819059,8217.4,8266.3,-95.2,-111.5,0.540414252216414,123.0263157894737,False,41.06730036763487,2023-04-10,2023-04-01
2023-04-12,155.0,212.0,181.0,7876.0,283.0,8088.0,-102.0,-0.5288402410527637,8151.0,8229.8,-98.6,-110.9,0.5439341591391925,156.353591160221,False,40.88596694598085,2023-04-10,2023-04-01
2023-04-13,109.0,214.0,173.0,7795.0,370.0,8009.0,-197.0,-0.97675568743818,8073.4,8189.3,-123.2,-112.3,0.5789365637607811,213.8728323699422,False,40.684761368529124,2023-04-10,2023-04-01
2023-04-14,,,,,,,,0.0,8073.4,8189.3,-123.2,-112.3,0.5789365637607811,,False,40.684761368529124,2023-04-10,2023-04-01
2023-04-15,,,,,,,,0.0,8073.4,8189.3,-123.2,-112.3,0.5789365637607811,,False,40.684761368529124,2023-04-10,2023-04-01
2023-04-16,191.0,283.0,192.0,7380.0,272.0,7663.0,-80.0,-4.320139842676984,7984.0,8134.3,-103.2,-109.1,0.5962497640027663,141.66666666666669,False,40.41151922631073,2023-04-10,2023-04-01
2023-04-17,170.0,297.0,196.0,7344.0,248.0,7641.0,-52.0,-0.2870938274827095,7906.4,8079.1,-93.2,-102.7,0.6388323756902325,126.53061224489797,False,40.13728347630246,2023-04-17,2023-04-01
2023-04-18,152.0,272.0,214.0,7376.0,234.0,7648.0,-20.0,0.0916110456746555,7809.8,8013.6,-90.2,-92.7,0.714604681027895,109.34579439252336,False,39.811876925115094,2023-04-17,2023-04-01
2023-04-19,239.0,367.0,224.0,7356.0,229.0,7723.0,-5.0,0.9806485355648542,7736.8,7943.9,-70.8,-84.7,0.8017291905659943,102.23214285714286,False,39.46560461034014,2023-04-17,2023-04-01
2023-04-20,113.0,280.0,237.0,7490.0,320.0,7770.0,-83.0,0.6085717985238936,7689.0,7881.2,-48.0,-85.6,0.8067815191813028,135.0210970464135,False,39.15410856821117,2023-04-17,2023-04-01
2023-04-21,,,,,,,,0.0,7689.0,7881.2,-48.0,-85.6,0.8067815191813028,,False,39.15410856821117,2023-04-17,2023-04-01
2023-04-22,,,,,,,,0.0,7689.0,7881.2,-48.0,-85.6,0.8067815191813028,,False,39.15410856821117,2023-04-17,2023-04-01
2023-04-23,196.0,306.0,187.0,7534.0,266.0,7840.0,-79.0,0.9009009009008917,7724.4,7854.2,-47.8,-75.5,0.6908558422348254,142.24598930481284,False,39.01997151657668,2023-04-17,2023-04-01
2023-04-24,236.0,330.0,222.0,7796.0,213.0,8126.0,9.0,3.647959183673466,7821.4,7863.9,-35.6,-64.4,0.754745500112096,95.94594594594594,False,39.06816149438611,2023-04-24,2023-04-01
2023-04-25,81.0,230.0,242.0,8017.0,202.0,8247.0,40.0,1.4890475018459304,7941.2,7875.5,-23.6,-56.9,0.8588700000327552,83.47107438016529,False,39.12579074619945,2023-04-24,2023-04-01
2023-04-26,118.0,245.0,160.0,8117.0,256.0,8362.0,-96.0,1.3944464653813604,8069.0,7902.9,-41.8,-56.3,0.8505878994031096,160.0,False,39.2619150134137,2023-04-24,2023-04-01
2023-04-27,218.0,283.0,208.0,8159.0,310.0,8442.0,-102.0,0.9567089213107005,8203.4,7946.2,-45.6,-46.8,0.6230148262716956,149.03846153846155,False,39.47703109992382,2023-04-24,2023-04-01
2023-04-28,,,,,,,,0.0,8203.4,7946.2,-45.6,-46.8,0.6230148262716956,,False,39.47703109992382,2023-04-24,2023-04-01
2023-04-29,,,,,,,,0.0,8203.4,7946.2,-45.6,-46.8,0.6230148262716956,,False,39.47703109992382,2023-04-24,2023-04-01
2023-04-30,132.0,243.0,183.0,8352.0,293.0,8595.0,-110.0,1.8123667377398789,8354.4,8039.4,-51.8,-49.8,0.6537356606842796,160.10928961748633,False,39.94005233001026,2023-04-24,2023-04-01
2023-05-01,224.0,315.0,152.0,8492.0,237.0,8807.0,-85.0,2.4665503199534644,8490.6,8156.0,-70.6,-53.1,0.6588128373930584,155.92105263157893,False,40.519325671513265,2023-05-01,2023-05-01
2023-05-02,167.0,326.0,213.0,8654.0,245.0,8980.0,-32.0,1.964346542522999,8637.2,8289.2,-85.0,-54.3,0.6398804406945237,115.02347417840375,False,41.18106845957673,2023-05-01,2023-05-01
2023-05-03,209.0,353.0,232.0,8704.0,267.0,9057.0,-35.0,0.8574610244988845,8776.2,8422.6,-72.8,-57.3,0.6024420342439928,115.08620689655173,False,41.843804855430065,2023-05-01,2023-05-01
2023-05-04,153.0,253.0,286.0,8790.0,332.0,9043.0,-46.0,-0.15457657060836683,8896.4,8549.9,-61.6,-53.6,0.5848333500457261,116.08391608391608,False,42.47623621369191,2023-05-01,2023-05-01
2023-05-05,,,,,,,,0.0,8896.4,8549.9,-61.6,-53.6,0.5848333500457261,,False,42.47623621369191,2023-05-01,2023-05-01
2023-05-06,,,,,,,,0.0,8896.4,8549.9,-61.6,-53.6,0.5848333500457261,,False,42.47623621369191,2023-05-01,2023-05-01
2023-05-07,180.0,337.0,219.0,8485.0,375.0,8822.0,-156.0,-2.4438792436138446,8941.8,8648.1,-70.8,-61.3,0.6868004818730925,171.23287671232876,False,42.96409763852548,2023-05-01,2023-05-01
2023-05-08,133.0,287.0,189.0,8590.0,261.0,8877.0,-72.0,0.6234413965087171,8955.8,8723.2,-68.2,-69.4,0.6193030121072498,138.0952380952381,False,43.33719736362733,2023-05-08,2023-05-01
2023-05-09,187.0,310.0,247.0,8606.0,250.0,8916.0,-3.0,0.4393376140588101,8943.0,8790.1,-62.4,-73.7,0.5160954636655561,101.21457489878543,False,43.669559169343884,2023-05-08,2023-05-01
2023-05-10,168.0,285.0,210.0,8681.0,304.0,8966.0,-94.0,0.56078959174517,8924.8,8850.5,-74.2,-73.5,0.5113875818375639,144.76190476190476,False,43.96962872188917,2023-05-08,2023-05-01
2023-05-11,269.0,412.0,204.0,8672.0,392.0,9084.0,-188.0,1.3160829801472262,8933.0,8914.7,-102.6,-82.1,0.6475834210134841,192.15686274509804,False,44.28857682244229,2023-05-08,2023-05-01
2023-05-12,,,,,,,,0.0,8933.0,8914.7,-102.6,-82.1,0.6475834210134841,,False,44.28857682244229,2023-05-08,2023-05-01
2023-05-13,,,,,,,,0.0,8933.0,8914.7,-102.6,-82.1,0.6475834210134841,,False,44.28857682244229,2023-05-08,2023-05-01
2023-05-14,100.0,255.0,236.0,8445.0,288.0,8700.0,-52.0,-4.227212681638049,8908.6,8925.2,-81.8,-76.3,0.6445663217684156,122.03389830508475,False,44.34074123141126,2023-05-08,2023-05-01
2023-05-15,205.0,294.0,177.0,8571.0,277.0,8865.0,-100.0,1.8965517241379404,8906.2,8931.0,-87.4,-77.8,0.6491401537204146,156.49717514124293,False,44.36955585731791,2023-05-15,2023-05-01
2023-05-16,161.0,304.0,211.0,8572.0,272.0,8876.0,-61.0,0.12408347433727762,8898.2,8920.6,-99.0,-80.7,0.6291612647934793,128.90995260663507,False,44.3178882522439,2023-05-15,2023-05-01
2023-05-17,57.0,162.0,193.0,8569.0,307.0,8731.0,-114.0,-1.6336187471834185,8851.2,8888.0,-103.0,-88.6,0.6133485840328841,159.06735751295338,False,44.155930182492625,2023-05-15,2023-05-01
2023-05-18,80.0,122.0,152.0,8474.0,351.0,8596.0,-199.0,-1.5462146374985664,8753.6,8843.3,-105.2,-103.9,0.7029465567171094,230.92105263157893,False,43.93385884145331,2023-05-15,2023-05-01
2023-05-19,,,,,,,,0.0,8753.6,8843.3,-105.2,-103.9,0.7029465567171094,,False,43.93385884145331,2023-05-15,2023-05-01
2023-05-20,,,,,,,,0.0,8753.6,8843.3,-105.2,-103.9,0.7029465567171094,,False,43.93385884145331,2023-05-15,2023-05-01
2023-05-21,107.0,170.0,133.0,7826.0,343.0,7996.0,-210.0,-6.979990693345739,8612.8,8760.7,-136.8,-109.3,0.7892709425098723,257.89473684210526,False,43.523498824230785,2023-05-15,2023-05-01
2023-05-22,99.0,156.0,139.0,7848.0,240.0,8004.0,-101.0,0.10005002501249916,8440.6,8673.4,-137.0,-112.2,0.7840778572056029,172.66187050359713,False,43.08978902394595,2023-05-22,2023-05-01
2023-05-23,25.0,66.0,94.0,7788.0,246.0,7854.0,-152.0,-1.874062968515744,8236.2,8567.2,-155.2,-127.1,0.66329895564948,261.7021276595745,False,42.56218328751697,2023-05-22,2023-05-01
2023-05-24,35.0,70.0,53.0,7709.0,276.0,7779.0,-223.0,-0.9549274255156615,8045.8,8448.5,-177.0,-140.0,0.7433841779178465,520.7547169811321,False,41.97247706422018,2023-05-22,2023-05-01
2023-05-25,43.0,73.0,64.0,7546.0,408.0,7619.0,-344.0,-2.056819642627583,7850.4,8302.0,-206.0,-155.6,1.0801908779547924,637.5,False,41.24465935812937,2023-05-22,2023-05-01
2023-05-26,,,,,,,,0.0,7850.4,8302.0,-206.0,-155.6,1.0801908779547924,,False,41.24465935812937,2023-05-22,2023-05-01
2023-05-27,,,,,,,,0.0,7850.4,8302.0,-206.0,-155.6,1.0801908779547924,,False,41.24465935812937,2023-05-22,2023-05-01
2023-05-28,,,,,,,,0.0,7814.0,8257.777777777777,-205.0,-167.11111111111111,1.052689629939862,,False,41.02496163569922,2023-05-22,2023-05-01
2023-05-29,41.0,60.0,71.0,6996.0,207.0,7056.0,-136.0,-7.389421183882394,7577.0,8056.777777777777,-213.75,-171.11111111111111,1.0455964940237021,291.5492957746479,False,40.026385806864724,2023-05-29,2023-05-01
2023-05-30,65.0,83.0,65.0,7046.0,168.0,7129.0,-103.0,1.0345804988662222,7395.75,7862.666666666667,-201.5,-175.77777777777777,0.9962963493812094,258.46153846153845,False,39.062034246348496,2023-05-29,2023-05-01
2023-05-31,38.0,80.0,82.0,7053.0,210.0,7133.0,-128.0,0.05610885117126596,7234.25,7685.111111111111,-177.75,-177.33333333333334,1.0030351968621334,256.0975609756098,False,38.17993133066163,2023-05-29,2023-05-01
2023-06-01,56.0,82.0,68.0,7002.0,287.0,7084.0,-219.0,-0.6869479882237517,7100.5,7517.111111111111,-146.5,-179.55555555555554,1.0385513343464632,422.05882352941177,False,37.34530078715817,2023-05-29,2023-06-01
2023-06-02,,,,,,,,0.0,7100.5,7517.111111111111,-146.5,-179.55555555555554,1.0385513343464632,,False,37.34530078715817,2023-05-29,2023-06-01
2023-06-03,,,,,,,,0.0,7100.5,7517.111111111111,-146.5,-179.55555555555554,1.0385513343464632,,False,37.34530078715817,2023-05-29,2023-06-01
2023-06-04,74.0,103.0,80.0,6555.0,292.0,6658.0,-212.0,-6.013551665725581,7012.0,7368.444444444444,-159.6,-179.77777777777777,1.0608661360725786,365.0,False,36.60671899667693,2023-05-29,2023-06-01
2023-06-05,68.0,107.0,102.0,6523.0,189.0,6630.0,-87.0,-0.4205467107239458,6926.8,7215.777777777777,-149.8,-178.22222222222223,1.1093694934054212,185.29411764705884,False,35.84826505039799,2023-06-05,2023-06-01
2023-06-06,92.0,124.0,93.0,6508.0,187.0,6632.0,-94.0,0.030165912518853588,6827.4,7080.0,-148.0,-171.77777777777777,1.1953145781686885,201.0752688172043,False,35.173715761931575,2023-06-05,2023-06-01
2023-06-07,113.0,162.0,107.0,6483.0,208.0,6645.0,-101.0,0.19601930036188264,6729.8,6954.0,-142.6,-158.22222222222223,1.2247218277545597,194.39252336448598,False,34.547742854303976,2023-06-05,2023-06-01
2023-06-08,106.0,196.0,131.0,6446.0,255.0,6642.0,-124.0,-0.04514672686229959,6641.4,6845.444444444444,-123.6,-133.77777777777777,0.7176571281853223,194.65648854961833,False,34.00843462612747,2023-06-05,2023-06-01
2023-06-09,,,,,,,,0.0,6641.4,6845.444444444444,-123.6,-133.77777777777777,0.7176571281853223,,False,34.00843462612747,2023-06-05,2023-06-01
2023-06-10,,,,,,,,0.0,6641.4,6845.444444444444,-123.6,-133.77777777777777,0.7176571281853223,,False,34.00843462612747,2023-06-05,2023-06-01
2023-06-11,86.0,152.0,168.0,6007.0,238.0,6159.0,-70.0,-7.271906052393861,6541.6,6776.8,-95.2,-127.4,0.7454515944464429,141.66666666666669,False,33.667406352465804,2023-06-05,2023-06-01
2023-06-12,84.0,118.0,136.0,6021.0,177.0,6139.0,-41.0,-0.32472804026627555,6443.4,6685.1,-86.0,-117.9,0.8557843839820578,130.14705882352942,False,33.2118371808035,2023-06-12,2023-06-01
2023-06-13,59.0,64.0,117.0,6061.0,146.0,6125.0,-29.0,-0.22805017103763037,6342.0,6584.7,-73.0,-110.5,0.9683378865045315,124.78632478632478,False,32.71304607028119,2023-06-12,2023-06-01
2023-06-14,62.0,97.0,52.0,6065.0,167.0,6162.0,-115.0,0.604081632653064,6245.4,6487.6,-75.8,-109.2,0.9787545702182807,321.1538461538462,False,32.23064948829199,2023-06-12,2023-06-01
2023-06-15,91.0,75.0,97.0,6038.0,272.0,6113.0,-175.0,-0.7951963648166194,6139.6,6390.5,-86.0,-104.8,0.8785271821005117,280.4123711340206,False,31.74825290630278,2023-06-12,2023-06-01
2023-06-16,,,,,,,,0.0,6139.6,6390.5,-86.0,-104.8,0.8785271821005117,,False,31.74825290630278,2023-06-12,2023-06-01
2023-06-17,,,,,,,,0.0,6139.6,6390.5,-86.0,-104.8,0.8785271821005117,,False,31.74825290630278,2023-06-12,2023-06-01
2023-06-18,,,,,,,,0.0,6134.75,6360.777777777777,-90.0,-92.88888888888889,0.6942111993114021,,False,31.600591748639307,2023-06-12,2023-06-01
2023-06-19,29.0,51.0,11.0,5679.0,142.0,5730.0,-131.0,-6.265336168820546,6032.5,6260.777777777777,-112.5,-97.77777777777777,0.7319837900322123,1290.9090909090908,False,31.10378785369677,2023-06-19,2023-06-01
2023-06-20,33.0,53.0,34.0,5904.0,134.0,5957.0,-100.0,3.961605584642225,5990.5,6185.777777777777,-130.25,-98.44444444444444,0.7405647683700557,394.11764705882354,False,30.731184932489867,2023-06-19,2023-06-01
2023-06-21,93.0,196.0,169.0,5922.0,149.0,6118.0,20.0,2.7027027027026973,5979.5,6127.222222222223,-96.5,-85.0,0.9857431849478558,88.16568047337277,False,30.44027865178463,2023-06-19,2023-06-01
2023-06-22,124.0,234.0,161.0,5956.0,207.0,6190.0,-46.0,1.1768551814318462,5998.75,6077.0,-64.25,-76.33333333333333,0.9823113118635831,128.57142857142858,False,30.19077269565793,2023-06-19,2023-06-01
2023-06-23,,,,,,,,0.0,5998.75,6077.0,-64.25,-76.33333333333333,0.9823113118635831,,False,30.19077269565793,2023-06-19,2023-06-01
2023-06-24,,,,,,,,0.0,5998.75,6077.0,-64.25,-76.33333333333333,0.9823113118635831,,False,30.19077269565793,2023-06-19,2023-06-01
2023-06-25,92.0,203.0,173.0,5766.0,263.0,5969.0,-90.0,-3.5702746365104954,5992.8,6055.888888888889,-69.4,-78.55555555555556,0.9875014085080915,152.02312138728325,False,30.085891873392285,2023-06-19,2023-06-01
2023-06-26,186.0,259.0,172.0,5819.0,174.0,6078.0,-2.0,1.8261015245434775,6062.4,6049.111111111111,-43.6,-74.22222222222223,1.0599994779067101,101.16279069767442,False,30.052219609401735,2023-06-26,2023-06-01
2023-06-27,154.0,225.0,220.0,5917.0,155.0,6142.0,65.0,1.0529779532741035,6099.4,6051.0,-10.6,-63.77777777777778,1.2966423226955404,70.45454545454545,False,30.06160368297287,2023-06-26,2023-06-01
2023-06-28,91.0,199.0,172.0,5999.0,174.0,6198.0,-2.0,0.9117551286226044,6115.4,6055.0,-15.0,-51.22222222222222,1.2928091080735389,101.16279069767442,False,30.081475838770572,2023-06-26,2023-06-01
2023-06-29,81.0,213.0,153.0,6058.0,213.0,6271.0,-60.0,1.177799290093584,6131.6,6072.555555555556,-17.8,-38.44444444444444,1.0465019465832888,139.2156862745098,False,30.168692522549375,2023-06-26,2023-06-01
2023-06-30,,,,,,,,0.0,6131.6,6072.555555555556,-17.8,-38.44444444444444,1.0465019465832888,,False,30.168692522549375,2023-06-26,2023-06-01
2023-07-01,,,,,,,,0.0,6131.6,6072.555555555556,-17.8,-38.44444444444444,1.0465019465832888,,False,30.168692522549375,2023-06-26,2023-07-01
2023-07-02,209.0,285.0,184.0,5903.0,309.0,6188.0,-125.0,-1.3235528623823933,6175.4,6084.1,-24.8,-47.1,1.0826745431801577,167.93478260869566,False,30.226045772198855,2023-06-26,2023-07-01
2023-07-03,,,,,,,,0.0,6199.75,6123.444444444444,-30.5,-37.77777777777778,1.0203334541124849,,False,30.421510504642352,2023-07-03,2023-07-01
2023-07-04,184.0,314.0,217.0,6127.0,124.0,6441.0,93.0,4.088558500323214,6274.5,6177.222222222223,-23.5,-16.333333333333332,1.149298431550554,57.14285714285714,False,30.688680599255896,2023-07-03,2023-07-01
2023-07-05,107.0,215.0,230.0,6193.0,167.0,6408.0,63.0,-0.5123428039124356,6327.0,6209.444444444444,-7.25,-11.555555555555555,1.2090477370269752,72.60869565217392,False,30.848761854292935,2023-07-03,2023-07-01
2023-07-06,101.0,162.0,178.0,6239.0,205.0,6401.0,-27.0,-0.10923845193507864,6359.5,6232.888888888889,1.0,-9.444444444444445,1.1912306472563912,115.1685393258427,False,30.965234767440574,2023-07-03,2023-07-01
2023-07-07,,,,,,,,0.0,6359.5,6232.888888888889,1.0,-9.444444444444445,1.1912306472563912,,False,30.965234767440574,2023-07-03,2023-07-01
2023-07-08,,,,,,,,0.0,6359.5,6232.888888888889,1.0,-9.444444444444445,1.1912306472563912,,False,30.965234767440574,2023-07-03,2023-07-01
2023-07-09,99.0,190.0,176.0,6214.0,196.0,6404.0,-20.0,0.04686767692547722,6413.5,6281.222222222223,27.25,-1.6666666666666667,1.0853393291814064,111.36363636363636,False,31.205356649996137,2023-07-03,2023-07-01
2023-07-10,167.0,239.0,166.0,6346.0,163.0,6585.0,3.0,2.826358525921302,6447.8,6337.555555555556,22.4,-1.1111111111111112,1.0759651650675626,98.19277108433735,False,31.4852228441471,2023-07-10,2023-07-01
2023-07-11,115.0,216.0,169.0,6498.0,143.0,6714.0,26.0,1.9589977220956678,6502.4,6401.111111111111,9.0,-5.444444444444445,1.0093349393574929,84.61538461538461,False,31.800969319599464,2023-07-10,2023-07-01
2023-07-12,84.0,158.0,193.0,6521.0,210.0,6679.0,-17.0,-0.5212987786714307,6556.6,6454.555555555556,-7.0,-7.111111111111111,1.002425256845926,108.80829015544042,False,32.06648340122986,2023-07-10,2023-07-01
2023-07-13,130.0,227.0,192.0,6604.0,226.0,6831.0,-34.0,2.2757897888905587,6642.6,6516.777777777777,-8.4,-4.222222222222222,0.9604668246888801,117.70833333333333,False,32.37560582474966,2023-07-10,2023-07-01
2023-07-14,,,,,,,,0.0,6642.6,6516.777777777777,-8.4,-4.222222222222222,0.9604668246888801,,False,32.37560582474966,2023-07-10,2023-07-01
2023-07-15,,,,,,,,0.0,6642.6,6516.777777777777,-8.4,-4.222222222222222,0.9604668246888801,,False,32.37560582474966,2023-07-10,2023-07-01
2023-07-16,88.0,214.0,160.0,6468.0,218.0,6682.0,-58.0,-2.1812326160152273,6698.2,6571.666666666667,-16.0,3.2222222222222223,0.7444510536960188,136.25,True,37.22271706176332,2023-07-10,2023-07-01
2023-07-17,113.0,208.0,159.0,6632.0,160.0,6840.0,-1.0,2.3645615085303717,6749.2,6598.5,-16.8,2.8,0.6993137587183769,100.62893081761007,True,36.75661920426253,2023-07-17,2023-07-01
2023-07-18,174.0,285.0,150.0,6874.0,181.0,7159.0,-31.0,4.66374269005847,6838.2,6670.3,-28.2,-9.6,0.5152868170103455,120.66666666666667,False,33.138310204352,2023-07-17,2023-07-01
2023-07-19,104.0,230.0,206.0,7001.0,226.0,7231.0,-20.0,1.005727056851513,6948.6,6752.6,-28.8,-17.9,0.3413206395958059,109.70873786407766,False,33.54717980988971,2023-07-17,2023-07-01
2023-07-20,147.0,276.0,214.0,7116.0,281.0,7392.0,-67.0,2.2265246853823806,7060.8,6851.7,-35.4,-21.9,0.405544426346826,131.30841121495328,False,34.03951246977776,2023-07-17,2023-07-01
2023-07-21,,,,,,,,0.0,7060.8,6851.7,-35.4,-21.9,0.405544426346826,,False,34.03951246977776,2023-07-17,2023-07-01
2023-07-22,,,,,,,,0.0,7060.8,6851.7,-35.4,-21.9,0.405544426346826,,False,34.03951246977776,2023-07-17,2023-07-01
2023-07-23,108.0,220.0,213.0,7052.0,276.0,7272.0,-63.0,-1.6233766233766267,7178.8,6938.5,-36.4,-26.2,0.4416021993962711,129.5774647887324,False,34.470738250587885,2023-07-17,2023-07-01
2023-07-24,180.0,280.0,146.0,7220.0,187.0,7500.0,-41.0,3.1353135313531455,7310.8,7030.0,-44.4,-30.6,0.413970399036768,128.08219178082192,False,34.9253138144603,2023-07-24,2023-07-01
2023-07-25,134.0,294.0,186.0,7510.0,136.0,7804.0,50.0,4.053333333333331,7439.8,7139.0,-28.2,-28.2,0.4865284963404988,73.11827956989248,False,35.46683005994767,2023-07-24,2023-07-01
2023-07-26,202.0,313.0,158.0,7647.0,215.0,7960.0,-57.0,1.9989748846745314,7585.6,7267.1,-35.6,-32.2,0.48977939363214085,136.0759493670886,False,36.10323584936906,2023-07-24,2023-07-01
2023-07-27,110.0,272.0,193.0,7754.0,259.0,8026.0,-66.0,0.8291457286432102,7712.4,7386.6,-35.4,-35.4,0.5032878232905643,134.19689119170985,False,36.69691650382539,2023-07-24,2023-07-01
2023-07-28,,,,,,,,0.0,7712.4,7386.6,-35.4,-35.4,0.5032878232905643,,False,36.69691650382539,2023-07-24,2023-07-01
2023-07-29,,,,,,,,0.0,7712.4,7386.6,-35.4,-35.4,0.5032878232905643,,False,36.69691650382539,2023-07-24,2023-07-01
2023-07-30,166.0,277.0,229.0,7671.0,305.0,7948.0,-76.0,-0.9718415150759996,7847.6,7513.2,-38.0,-37.2,0.5163222668879445,133.1877729257642,False,37.32587023482264,2023-07-24,2023-07-01
2023-07-31,136.0,276.0,178.0,7800.0,220.0,8076.0,-42.0,1.610468042274782,7962.8,7636.8,-38.2,-41.3,0.47989513838761055,123.59550561797752,False,37.93991984897161,2023-07-31,2023-07-01
2023-08-01,87.0,246.0,173.0,8103.0,168.0,8349.0,5.0,3.3803863298662806,8071.8,7755.8,-47.2,-37.7,0.5084586761138606,97.10982658959537,False,38.531116483953234,2023-07-31,2023-08-01
2023-08-02,84.0,171.0,157.0,8261.0,271.0,8432.0,-114.0,0.9941310336567311,8166.2,7875.9,-58.6,-47.1,0.5775357676584588,172.61146496815286,False,39.127777961779216,2023-07-31,2023-08-01
2023-08-03,167.0,209.0,157.0,8294.0,339.0,8503.0,-182.0,0.8420303605312984,8261.6,7987.0,-81.8,-58.6,0.7818997849419322,215.92356687898092,False,39.67972708906037,2023-07-31,2023-08-01
2023-08-04,,,,,,,,0.0,8261.6,7987.0,-81.8,-58.6,0.7818997849419322,,False,39.67972708906037,2023-07-31,2023-08-01
2023-08-05,,,,,,,,0.0,8261.6,7987.0,-81.8,-58.6,0.7818997849419322,,False,39.67972708906037,2023-07-31,2023-08-01
2023-08-06,109.0,245.0,159.0,8298.0,322.0,8543.0,-163.0,0.4704222039280337,8380.6,8114.1,-99.2,-68.6,0.871264554628861,202.51572327044025,False,40.311164839532346,2023-07-31,2023-08-01
2023-08-07,156.0,256.0,176.0,8493.0,202.0,8749.0,-26.0,2.4113309141987616,8515.2,8239.0,-96.0,-67.1,0.8678298949960118,114.77272727272727,False,40.93167290431557,2023-08-07,2023-08-01
2023-08-08,125.0,232.0,192.0,8725.0,207.0,8957.0,-15.0,2.3774145616641817,8636.8,8354.3,-100.0,-73.6,0.7420727275268543,107.8125,False,41.50448779518431,2023-08-07,2023-08-01
2023-08-09,118.0,139.0,168.0,8888.0,251.0,9027.0,-83.0,0.7815116668527411,8755.8,8461.0,-93.8,-76.2,0.7300109436041247,149.4047619047619,False,42.034577551088,2023-08-07,2023-08-01
2023-08-10,142.0,235.0,139.0,8914.0,353.0,9149.0,-214.0,1.3515010523983628,8885.0,8573.3,-100.2,-91.0,0.8783012654178308,253.95683453237413,False,42.59248832510846,2023-08-07,2023-08-01
2023-08-11,,,,,,,,0.0,8885.0,8573.3,-100.2,-91.0,0.8783012654178308,,False,42.59248832510846,2023-08-07,2023-08-01
2023-08-12,,,,,,,,0.0,8885.0,8573.3,-100.2,-91.0,0.8783012654178308,,False,42.59248832510846,2023-08-07,2023-08-01
2023-08-13,,,,,,,,0.0,8970.5,8642.777777777777,-84.5,-92.66666666666667,0.9218239941101692,,False,42.93765663122798,2023-08-07,2023-08-01
2023-08-14,,,,,,,,0.0,9044.333333333334,8713.625,-104.0,-99.0,0.9492565471853889,,False,43.28962839068658,2023-08-14,2023-08-01
2023-08-15,,,,,,,,0.0,,8765.714285714286,,-113.85714285714286,0.877889604006117,,False,43.5484099909629,2023-08-14,2023-08-01
2023-08-16,148.0,245.0,175.0,9634.0,288.0,9879.0,-113.0,7.979014099901627,,8972.42857142857,,-113.71428571428571,0.8576709485128832,164.57142857142856,False,44.57537461379411,2023-08-14,2023-08-01
2023-08-17,119.0,219.0,210.0,9694.0,407.0,9913.0,-197.0,0.34416438910820357,,9173.857142857143,,-115.85714285714286,0.864892876109024,193.8095238095238,False,45.57607960217837,2023-08-14,2023-08-01
2023-08-18,,,,,,,,0.0,,9173.857142857143,,-115.85714285714286,0.864892876109024,,False,45.57607960217837,2023-08-14,2023-08-01
2023-08-19,,,,,,,,0.0,,9173.857142857143,,-115.85714285714286,0.864892876109024,,False,45.57607960217837,2023-08-14,2023-08-01
2023-08-20,105.0,210.0,149.0,9483.0,390.0,9693.0,-241.0,-2.219307979420959,9828.333333333334,9338.142857142857,-183.66666666666666,-127.0,0.9809098460955179,261.744966442953,False,46.392257429583964,2023-08-14,2023-08-01
2023-08-21,143.0,203.0,163.0,9668.0,281.0,9871.0,-118.0,1.8363767667388897,9839.0,9498.42857142857,-167.25,-140.14285714285714,0.8489390136204816,172.3926380368098,False,47.188563101191846,2023-08-21,2023-08-01
2023-08-22,119.0,209.0,152.0,9921.0,230.0,10130.0,-78.0,2.623847634484844,9897.2,9666.0,-149.4,-149.14285714285714,0.689446515224048,151.3157894736842,False,48.02106448514556,2023-08-21,2023-08-01
2023-08-23,155.0,212.0,181.0,10071.0,285.0,10283.0,-104.0,1.5103652517275412,9978.0,9845.42857142857,-147.6,-152.14285714285714,0.6456802105771328,157.45856353591162,False,48.91247261664245,2023-08-21,2023-08-01
2023-08-24,109.0,214.0,173.0,10026.0,443.0,10240.0,-270.0,-0.41816590489156535,10043.4,10001.285714285714,-162.2,-160.14285714285714,0.7511563444678019,256.0693641618497,False,49.68677697290289,2023-08-21,2023-08-01
2023-08-25,,,,,,,,0.0,10043.4,10001.285714285714,-162.2,-160.14285714285714,0.7511563444678019,,False,49.68677697290289,2023-08-21,2023-08-01
2023-08-26,,,,,,,,0.0,10043.4,10001.285714285714,-162.2,-160.14285714285714,0.7511563444678019,,False,49.68677697290289,2023-08-21,2023-08-01
2023-08-27,191.0,283.0,192.0,9873.0,488.0,10156.0,-296.0,-0.8203124999999978,10136.0,10020.625,-173.2,-177.125,0.8435232945398499,254.16666666666666,False,49.782855297585535,2023-08-21,2023-08-01
2023-08-28,170.0,297.0,196.0,10012.0,388.0,10309.0,-192.0,1.5064986215045373,10223.6,10052.666666666666,-188.0,-178.77777777777777,0.7880738427267947,197.9591836734694,False,49.942039545590035,2023-08-28,2023-08-01
2023-08-29,152.0,272.0,214.0,10180.0,286.0,10452.0,-72.0,1.387137452711218,10288.0,10092.6,-186.8,-168.1,0.8121736594077169,133.6448598130841,False,50.14042990097042,2023-08-28,2023-08-01
2023-08-30,239.0,367.0,224.0,10280.0,366.0,10647.0,-142.0,1.8656716417910557,10360.8,10169.4,-194.4,-171.0,0.7896182626264964,163.39285714285714,False,50.52197529228629,2023-08-28,2023-08-01
2023-08-31,113.0,280.0,237.0,10140.0,505.0,10420.0,-268.0,-2.1320559782098236,10396.8,10220.1,-194.0,-178.1,0.8395610176208783,213.0801687763713,False,50.77385486702216,2023-08-28,2023-08-01
2023-09-01,,,,,,,,0.0,10396.8,10220.1,-194.0,-178.1,0.8395610176208783,,False,50.77385486702216,2023-08-28,2023-09-01
2023-09-02,,,,,,,,0.0,10396.8,10220.1,-194.0,-178.1,0.8395610176208783,,False,50.77385486702216,2023-08-28,2023-09-01
2023-09-03,,,,,,,,0.0,10457.0,10278.666666666666,-168.5,-171.11111111111111,0.8555400462057645,,False,51.06481634816016,2023-08-28,2023-09-01
2023-09-04,196.0,306.0,187.0,9988.0,293.0,10294.0,-106.0,-1.2092130518234212,10453.25,10325.666666666666,-147.0,-169.77777777777777,0.861246426673923,156.68449197860963,False,51.29831417878316,2023-09-04,2023-09-01
2023-09-05,236.0,330.0,222.0,10142.0,243.0,10472.0,-21.0,1.7291626190013565,10458.25,10363.666666666666,-134.25,-163.44444444444446,0.9442948167882419,109.45945945945945,False,51.487099658861325,2023-09-04,2023-09-01
2023-09-06,81.0,230.0,242.0,10356.0,291.0,10586.0,-49.0,1.0886172650878434,10443.0,10397.333333333334,-111.0,-157.33333333333334,0.9963067462271399,120.24793388429754,False,51.654356970158645,2023-09-04,2023-09-01
2023-09-07,118.0,245.0,160.0,10419.0,398.0,10664.0,-238.0,0.7368222180238027,10504.0,10444.444444444445,-103.5,-153.77777777777777,0.9547235206620748,248.74999999999997,False,51.888406805109355,2023-09-04,2023-09-01
2023-09-08,,,,,,,,0.0,10504.0,10444.444444444445,-103.5,-153.77777777777777,0.9547235206620748,,False,51.888406805109355,2023-09-04,2023-09-01
2023-09-09,,,,,,,,0.0,10504.0,10444.444444444445,-103.5,-153.77777777777777,0.9547235206620748,,False,51.888406805109355,2023-09-04,2023-09-01
2023-09-10,218.0,283.0,208.0,10282.0,382.0,10565.0,-174.0,-0.9283570892723136,10516.2,10489.888888888889,-117.6,-140.22222222222223,0.8122193405645726,183.65384615384613,False,52.11417657514434,2023-09-04,2023-09-01
2023-09-11,132.0,243.0,183.0,10492.0,277.0,10735.0,-94.0,1.6090866067203002,10604.4,10537.222222222223,-115.2,-129.33333333333334,0.7972728888995088,151.36612021857923,False,52.34933041875048,2023-09-11,2023-09-01
2023-09-12,224.0,315.0,152.0,10649.0,316.0,10964.0,-164.0,2.133209129017244,10702.8,10594.111111111111,-143.8,-139.55555555555554,0.7714510182807206,207.89473684210526,False,52.63195663454001,2023-09-11,2023-09-01
2023-09-13,167.0,326.0,213.0,10678.0,343.0,11004.0,-130.0,0.36483035388543694,10786.4,10633.777777777777,-160.0,-138.22222222222223,0.7690717609962632,161.03286384976525,False,52.82902217953388,2023-09-11,2023-09-01
2023-09-14,209.0,353.0,232.0,10837.0,414.0,11190.0,-182.0,1.6902944383860419,10891.6,10719.333333333334,-148.8,-128.66666666666666,0.6409021395593781,178.44827586206898,False,53.25406551187362,2023-09-11,2023-09-01
2023-09-15,,,,,,,,0.0,10891.6,10719.333333333334,-148.8,-128.66666666666666,0.6409021395593781,,False,53.25406551187362,2023-09-11,2023-09-01
2023-09-16,,,,,,,,0.0,10891.6,10719.333333333334,-148.8,-128.66666666666666,0.6409021395593781,,False,53.25406551187362,2023-09-11,2023-09-01
2023-09-17,153.0,253.0,286.0,10799.0,427.0,11052.0,-141.0,-1.2332439678284235,10989.0,10752.6,-142.2,-129.9,0.6034699341817135,149.30069930069928,False,53.419335607591165,2023-09-11,2023-09-01
2023-09-18,180.0,337.0,219.0,10892.0,313.0,11229.0,-94.0,1.601520086862096,11087.8,10846.1,-142.2,-128.7,0.6037930426964371,142.92237442922377,False,53.88384724936244,2023-09-18,2023-09-01
2023-09-19,133.0,287.0,189.0,11095.0,260.0,11382.0,-71.0,1.362543414373496,11171.4,10937.1,-123.6,-133.7,0.5285690889842319,137.56613756613757,False,54.33593879376014,2023-09-18,2023-09-01
2023-09-20,187.0,310.0,247.0,11064.0,364.0,11374.0,-117.0,-0.07028641714988959,11245.4,11015.9,-121.0,-140.5,0.45610801362877973,147.36842105263156,False,54.72742026297486,2023-09-18,2023-09-01
2023-09-21,168.0,285.0,210.0,11067.0,428.0,11352.0,-218.0,-0.19342359767892114,11277.8,11084.7,-128.2,-138.5,0.4164709980615082,203.8095238095238,False,55.06922134269533,2023-09-18,2023-09-01
2023-09-22,,,,,,,,0.0,11277.8,11084.7,-128.2,-138.5,0.4164709980615082,,False,55.06922134269533,2023-09-18,2023-09-01
2023-09-23,,,,,,,,0.0,11277.8,11084.7,-128.2,-138.5,0.4164709980615082,,False,55.06922134269533,2023-09-18,2023-09-01
2023-09-24,269.0,412.0,204.0,10744.0,403.0,11156.0,-199.0,-1.7265680056377741,11298.6,11143.8,-139.8,-141.0,0.43877955944174996,197.54901960784315,False,55.362832444606354,2023-09-18,2023-09-01
2023-09-25,100.0,255.0,236.0,10842.0,284.0,11097.0,-48.0,-0.5288633918967389,11272.2,11180.0,-130.6,-136.4,0.4966383623585431,120.33898305084745,False,55.542675454575566,2023-09-25,2023-09-01
2023-09-26,205.0,294.0,177.0,10978.0,332.0,11272.0,-155.0,1.5770027935477993,11250.2,11210.8,-147.4,-135.5,0.49147604837194436,187.57062146892656,False,55.69569105421785,2023-09-25,2023-09-01
2023-09-27,161.0,304.0,211.0,11017.0,331.0,11321.0,-120.0,0.434705464868701,11239.6,11242.5,-148.0,-134.5,0.49188070772989295,156.87203791469196,False,55.853177888914644,2023-09-25,2023-09-01
2023-09-28,57.0,162.0,193.0,10984.0,447.0,11146.0,-254.0,-1.545799841003448,11198.4,11238.1,-155.2,-141.7,0.5859688877160641,231.6062176165803,False,55.83131851753718,2023-09-25,2023-09-01
2023-09-29,,,,,,,,0.0,11198.4,11238.1,-155.2,-141.7,0.5859688877160641,,False,55.83131851753718,2023-09-25,2023-09-01
2023-09-30,,,,,,,,0.0,11198.4,11238.1,-155.2,-141.7,0.5859688877160641,,False,55.83131851753718,2023-09-25,2023-09-01
2023-10-01,80.0,122.0,152.0,10598.0,493.0,10720.0,-341.0,-3.8219989233805873,11111.2,11204.9,-183.6,-161.7,0.8133375801724402,324.34210526315786,False,55.66637962441625,2023-09-25,2023-10-01
2023-10-02,107.0,170.0,133.0,10724.0,284.0,10894.0,-151.0,1.6231343283582111,11070.6,11171.4,-204.2,-167.4,0.7891847072813288,213.53383458646618,False,55.499950319610505,2023-10-02,2023-10-01
2023-10-03,99.0,156.0,139.0,10818.0,287.0,10974.0,-148.0,0.7343491830365423,11011.0,11130.6,-202.8,-175.1,0.7362749098078819,206.4748201438849,False,55.29725433047395,2023-10-02,2023-10-01
2023-10-04,25.0,66.0,94.0,10963.0,330.0,11029.0,-236.0,0.5011846181884438,10952.6,11096.1,-226.0,-187.0,0.7319183668820001,351.063829787234,False,55.12585698671878,2023-10-02,2023-10-01
2023-10-05,35.0,70.0,53.0,11130.0,427.0,11200.0,-374.0,1.5504578837610028,10963.4,11080.9,-250.0,-202.6,0.9071363883835426,805.6603773584906,False,55.0503427946875,2023-10-02,2023-10-01
2023-10-06,,,,,,,,0.0,10963.4,11080.9,-250.0,-202.6,0.9071363883835426,,False,55.0503427946875,2023-10-02,2023-10-01
2023-10-07,,,,,,,,0.0,10963.4,11080.9,-250.0,-202.6,0.9071363883835426,,False,55.0503427946875,2023-10-02,2023-10-01
2023-10-08,,,,,,,,0.0,11024.25,11072.555555555555,-227.25,-203.0,0.9628122974833857,,False,55.00888726967619,2023-10-02,2023-10-01
2023-10-09,43.0,73.0,64.0,10815.0,282.0,10888.0,-218.0,-2.7857142857142803,11022.75,11049.333333333334,-244.0,-221.88888888888889,0.8089214655004682,440.625,False,54.89351836518398,2023-10-09,2023-10-01
2023-10-10,41.0,60.0,71.0,10910.0,257.0,10970.0,-186.0,0.7531227038942045,11021.75,11015.777777777777,-253.5,-225.33333333333334,0.7902065803815642,361.9718309859155,False,54.726813058214375,2023-10-09,2023-10-01
2023-10-11,65.0,83.0,65.0,10960.0,266.0,11043.0,-201.0,0.6654512306289773,11025.25,10984.888888888889,-244.75,-234.33333333333334,0.7152555956628897,409.23076923076917,False,54.573355855109895,2023-10-09,2023-10-01
2023-10-12,38.0,80.0,82.0,10992.0,398.0,11072.0,-316.0,0.2626097980621189,10993.25,10976.666666666666,-230.25,-241.22222222222223,0.7570376522451944,485.3658536585366,False,54.532507534859064,2023-10-09,2023-10-01
2023-10-13,,,,,,,,0.0,10993.25,10976.666666666666,-230.25,-241.22222222222223,0.7570376522451944,,False,54.532507534859064,2023-10-09,2023-10-01
2023-10-14,,,,,,,,0.0,10993.25,10976.666666666666,-230.25,-241.22222222222223,0.7570376522451944,,False,54.532507534859064,2023-10-09,2023-10-01
2023-10-15,56.0,82.0,68.0,10571.0,434.0,10653.0,-366.0,-3.7843208092485536,10925.2,10969.222222222223,-257.4,-244.0,0.794659271083184,638.2352941176471,False,54.495523244902245,2023-10-09,2023-10-01
2023-10-16,74.0,103.0,80.0,10629.0,331.0,10732.0,-251.0,0.7415751431521622,10894.0,10951.222222222223,-264.0,-255.11111111111111,0.7296189917376141,413.75,False,54.40609854381259,2023-10-16,2023-10-01
2023-10-17,68.0,107.0,102.0,10630.0,315.0,10737.0,-213.0,0.04658963846440045,10847.4,10924.888888888889,-269.4,-262.3333333333333,0.6545329054813472,308.8235294117647,False,54.275273518144374,2023-10-16,2023-10-01
2023-10-18,92.0,124.0,93.0,10511.0,393.0,10635.0,-300.0,-0.9499860296172113,10765.8,10881.111111111111,-289.2,-269.44444444444446,0.6593333005906378,422.5806451612903,False,54.0577838130251,2023-10-16,2023-10-01
2023-10-19,113.0,162.0,107.0,10319.0,406.0,10481.0,-299.0,-1.4480488951574944,10647.6,10801.222222222223,-285.8,-261.1111111111111,0.5715857471915932,379.4392523364486,False,53.66089270139878,2023-10-16,2023-10-01
2023-10-20,,,,,,,,0.0,10647.6,10801.222222222223,-285.8,-261.1111111111111,0.5715857471915932,,False,53.66089270139878,2023-10-16,2023-10-01
2023-10-21,,,,,,,,0.0,10647.6,10801.222222222223,-285.8,-261.1111111111111,0.5715857471915932,,False,53.66089270139878,2023-10-16,2023-10-01
2023-10-22,106.0,196.0,131.0,9506.0,454.0,9702.0,-323.0,-7.432496899150842,10457.4,10691.3,-277.2,-267.3,0.5743872459011232,346.56488549618325,False,53.11479481999138,2023-10-16,2023-10-01
2023-10-23,86.0,152.0,168.0,9436.0,327.0,9588.0,-159.0,-1.1750154607297447,10228.6,10561.3,-258.8,-261.4,0.6536442037030551,194.64285714285714,False,52.46894975656608,2023-10-23,2023-10-01
2023-10-24,84.0,118.0,136.0,9396.0,300.0,9514.0,-164.0,-0.7717980809345049,9984.0,10415.7,-249.0,-259.2,0.6911722828322009,220.58823529411765,False,51.74560328552976,2023-10-23,2023-10-01
2023-10-25,59.0,64.0,117.0,9351.0,293.0,9415.0,-176.0,-1.0405717889426125,9740.0,10252.9,-224.2,-256.7,0.7278144223089044,250.42735042735043,False,50.936806544563304,2023-10-23,2023-10-01
2023-10-26,62.0,97.0,52.0,9235.0,390.0,9332.0,-338.0,-0.8815719596388716,9510.2,10078.9,-232.0,-258.9,0.7625384923431319,750.0,False,50.07236776736329,2023-10-23,2023-10-01
2023-10-27,,,,,,,,0.0,9510.2,10078.9,-232.0,-258.9,0.7625384923431319,,False,50.07236776736329,2023-10-23,2023-10-01
2023-10-28,,,,,,,,0.0,9510.2,10078.9,-232.0,-258.9,0.7625384923431319,,False,50.07236776736329,2023-10-23,2023-10-01
2023-10-29,91.0,75.0,97.0,8925.0,418.0,9000.0,-321.0,-3.557651093013292,9369.8,9913.6,-231.6,-254.4,0.7159936709542887,430.92783505154637,False,49.25115092902328,2023-10-23,2023-10-01
2023-10-30,29.0,51.0,11.0,9026.0,278.0,9077.0,-267.0,0.855555555555565,9267.6,9748.1,-253.2,-256.0,0.7291252584390701,2527.2727272727275,False,48.42894048289338,2023-10-30,2023-10-01
2023-10-31,33.0,53.0,34.0,9072.0,295.0,9125.0,-261.0,0.5288090778891696,9189.8,9586.9,-272.6,-260.8,0.7244417054898932,867.6470588235294,False,47.628092604246014,2023-10-30,2023-10-01
2023-11-01,132.0,235.0,197.0,9250.0,279.0,9485.0,-82.0,3.945205479452052,9203.8,9471.9,-253.8,-239.0,0.9250293725099454,141.6243654822335,False,47.0567681250621,2023-10-30,2023-11-01
2023-11-02,174.0,208.0,256.0,9442.0,330.0,9650.0,-74.0,1.7395888244596813,9267.4,9388.8,-201.0,-216.5,1.0511283892904593,128.90625,False,46.64392408836485,2023-10-30,2023-11-01
2023-11-03,,,,,,,,0.0,9267.4,9388.8,-201.0,-216.5,1.0511283892904593,,False,46.64392408836485,2023-10-30,2023-11-01
2023-11-04,,,,,,,,0.0,9267.4,9388.8,-201.0,-216.5,1.0511283892904593,,False,46.64392408836485,2023-10-30,2023-11-01
2023-11-05,123.0,230.0,167.0,9273.0,370.0,9503.0,-203.0,-1.523316062176161,9368.0,9368.9,-177.4,-204.5,0.9747169308885851,221.5568862275449,False,46.54506011327128,2023-10-30,2023-11-01
2023-11-06,123.0,233.0,159.0,9286.0,316.0,9519.0,-157.0,0.1683678838261704,9456.4,9362.0,-155.4,-204.3,0.9766406362550902,198.74213836477986,False,46.51078064452025,2023-11-06,2023-11-01
2023-11-07,141.0,232.0,188.0,9483.0,231.0,9715.0,-43.0,2.0590398151066225,9574.4,9382.1,-111.8,-192.2,1.113184622547856,122.87234042553192,False,46.6106382274037,2023-11-06,2023-11-01
2023-11-08,158.0,226.0,191.0,9634.0,310.0,9860.0,-119.0,1.4925373134328401,9649.4,9426.6,-119.2,-186.5,1.1345321386815688,162.30366492146598,False,46.83171596065313,2023-11-06,2023-11-01
2023-11-09,,,,,,,,0.0,9649.25,9437.111111111111,-130.5,-169.66666666666666,1.0425406604864556,,False,46.88393557005487,2023-11-06,2023-11-01
2023-11-10,,,,,,,,0.0,9649.25,9437.111111111111,-130.5,-169.66666666666666,1.0425406604864556,,False,46.88393557005487,2023-11-06,2023-11-01
2023-11-11,,,,,,,,0.0,9649.25,9437.111111111111,-130.5,-169.66666666666666,1.0425406604864556,,False,46.88393557005487,2023-11-06,2023-11-01
2023-11-12,96.0,160.0,233.0,9477.0,313.0,9637.0,-80.0,-2.2616632860040564,9682.75,9507.888888888889,-99.75,-142.88888888888889,0.8809290213858024,134.33476394849785,False,47.23556232680864,2023-11-06,2023-11-01
2023-11-13,141.0,173.0,129.0,9510.0,287.0,9683.0,-158.0,0.4773269689737569,9723.75,9575.222222222223,-100.0,-130.77777777777777,0.7350295283791607,222.48062015503876,False,47.57007694940329,2023-11-13,2023-11-01
2023-11-14,116.0,181.0,182.0,9665.0,247.0,9846.0,-65.0,1.6833625942373143,9756.5,9655.333333333334,-105.5,-109.0,0.5520372010454905,135.71428571428572,False,47.96807206968502,2023-11-13,2023-11-01
2023-11-15,150.0,157.0,201.0,9762.0,316.0,9919.0,-115.0,0.7414178346536682,9771.25,9703.555555555555,-104.5,-112.66666666666667,0.539367704100903,157.2139303482587,False,48.20764194791287,2023-11-13,2023-11-01
2023-11-16,80.0,176.0,125.0,9762.0,374.0,9938.0,-249.0,0.191551567698367,9804.6,9735.555555555555,-133.4,-132.11111111111111,0.6852308173606554,299.2,False,48.36661919429447,2023-11-13,2023-11-01
2023-11-17,,,,,,,,0.0,9804.6,9735.555555555555,-133.4,-132.11111111111111,0.6852308173606554,,False,48.36661919429447,2023-11-13,2023-11-01
2023-11-18,,,,,,,,0.0,9804.6,9735.555555555555,-133.4,-132.11111111111111,0.6852308173606554,,False,48.36661919429447,2023-11-13,2023-11-01
2023-11-19,116.0,188.0,164.0,9573.0,435.0,9761.0,-271.0,-1.7810424632722865,9829.4,9764.222222222223,-171.6,-139.66666666666666,0.8044119802378171,265.2439024390244,False,48.50903631084468,2023-11-13,2023-11-01
2023-11-20,105.0,185.0,158.0,9638.0,298.0,9823.0,-140.0,0.635180821637138,9857.4,9798.0,-168.0,-137.77777777777777,0.7989343896086196,188.60759493670886,False,48.676845626469714,2023-11-20,2023-11-01
2023-11-21,136.0,246.0,123.0,9804.0,250.0,10050.0,-127.0,2.310902982795482,9898.2,9835.222222222223,-180.4,-147.11111111111111,0.7132773602108425,203.25203252032523,False,48.86176707625388,2023-11-20,2023-11-01
2023-11-22,,,,,,,,0.0,9893.0,9832.125,-196.75,-150.625,0.7541047927600053,,False,48.84637995561885,2023-11-20,2023-11-01
2023-11-23,128.0,228.0,177.0,9838.0,283.0,10066.0,-106.0,0.1592039800994982,9925.0,9858.111111111111,-161.0,-145.66666666666666,0.7195401455980516,159.8870056497175,False,48.97547996776295,2023-11-20,2023-11-01
2023-11-24,,,,,,,,0.0,9925.0,9858.111111111111,-161.0,-145.66666666666666,0.7195401455980516,,False,48.97547996776295,2023-11-20,2023-11-01
2023-11-25,,,,,,,,0.0,9925.0,9858.111111111111,-161.0,-145.66666666666666,0.7195401455980516,,False,48.97547996776295,2023-11-20,2023-11-01
2023-11-26,90.0,196.0,205.0,9845.0,312.0,10041.0,-107.0,-0.24836081859725967,9995.0,9903.0,-120.0,-148.66666666666666,0.69001222411687,152.1951219512195,False,49.19848971615937,2023-11-20,2023-11-01
2023-11-27,56.0,82.0,68.0,10123.0,214.0,10205.0,-146.0,1.6333034558311033,10090.5,9961.0,-121.5,-147.33333333333334,0.6851124120013884,314.70588235294116,False,49.486635975226044,2023-11-27,2023-11-01
2023-11-28,74.0,103.0,80.0,10223.0,223.0,10326.0,-143.0,1.185693287604117,10159.5,10014.333333333334,-125.5,-156.0,0.6096791545451763,278.75,False,49.751598052528735,2023-11-27,2023-11-01
2023-11-29,68.0,107.0,102.0,10398.0,284.0,10505.0,-182.0,1.73348828200659,10228.6,10079.444444444445,-136.8,-163.44444444444446,0.5902709414355428,278.4313725490196,False,50.07507258856909,2023-11-27,2023-11-01
2023-11-30,92.0,124.0,93.0,10536.0,320.0,10660.0,-227.0,1.47548786292242,10347.4,10159.666666666666,-161.0,-161.0,0.5500555270572332,344.0860215053763,False,50.47361971317854,2023-11-27,2023-11-01
2023-12-01,,,,,,,,0.0,10347.4,10159.666666666666,-161.0,-161.0,0.5500555270572332,,False,50.47361971317854,2023-11-27,2023-12-01
2023-12-02,,,,,,,,0.0,10347.4,10159.666666666666,-161.0,-161.0,0.5500555270572332,,False,50.47361971317854,2023-11-27,2023-12-01
2023-12-03,132.0,235.0,197.0,10579.0,417.0,10814.0,-220.0,1.4446529080675452,10502.0,10276.666666666666,-183.6,-155.33333333333334,0.43620610070761284,211.6751269035533,False,51.054880270261314,2023-11-27,2023-12-01
2023-12-04,174.0,208.0,256.0,10635.0,273.0,10843.0,-17.0,0.2681708895875712,10629.6,10390.0,-157.8,-141.66666666666666,0.6209197734856318,106.640625,False,51.61792468452953,2023-12-04,2023-12-01
2023-12-05,123.0,230.0,167.0,10761.0,261.0,10991.0,-94.0,1.364935903347786,10762.6,10494.555555555555,-148.0,-138.0,0.6323530304912952,156.2874251497006,False,52.13736075690832,2023-12-04,2023-12-01
2023-12-06,123.0,233.0,159.0,10832.0,376.0,11065.0,-217.0,0.6732781366572738,10874.6,10551.6,-155.0,-145.9,0.6384848681935431,236.47798742138363,False,52.42075977875666,2023-12-04,2023-12-01
2023-12-07,141.0,232.0,188.0,10897.0,466.0,11129.0,-278.0,0.5784003615002309,10968.4,10657.9,-165.2,-163.1,0.7250899647342794,247.8723404255319,False,52.94886231908058,2023-12-04,2023-12-01
2023-12-08,,,,,,,,0.0,10968.4,10657.9,-165.2,-163.1,0.7250899647342794,,False,52.94886231908058,2023-12-04,2023-12-01
2023-12-09,,,,,,,,0.0,10968.4,10657.9,-165.2,-163.1,0.7250899647342794,,False,52.94886231908058,2023-12-04,2023-12-01
2023-12-10,158.0,226.0,191.0,10871.0,411.0,11097.0,-220.0,-0.2875370653248277,11025.0,10763.5,-165.2,-174.4,0.7100073156934361,215.18324607329845,False,53.473487232139895,2023-12-04,2023-12-01
2023-12-11,96.0,160.0,233.0,10998.0,304.0,11158.0,-71.0,0.5496981166080994,11088.0,10858.8,-176.0,-166.9,0.7636410353184226,130.47210300429185,False,53.946941344020125,2023-12-11,2023-12-01
2023-12-12,141.0,173.0,129.0,11077.0,259.0,11250.0,-130.0,0.8245205233912811,11139.8,10951.2,-183.2,-165.6,0.7619152833463475,200.7751937984496,False,54.40598814294704,2023-12-11,2023-12-01
2023-12-13,116.0,181.0,182.0,11192.0,335.0,11373.0,-153.0,1.093333333333324,11201.4,11038.0,-170.4,-162.7,0.7547508295179005,184.06593406593404,False,54.837213923757155,2023-12-11,2023-12-01
2023-12-14,150.0,157.0,201.0,11242.0,396.0,11399.0,-195.0,0.2286116240218128,11255.4,11111.9,-153.8,-159.5,0.7303141518328709,197.01492537313433,False,55.20435200211969,2023-12-11,2023-12-01
2023-12-15,,,,,,,,0.0,11255.4,11111.9,-153.8,-159.5,0.7303141518328709,,False,55.20435200211969,2023-12-11,2023-12-01
2023-12-16,,,,,,,,0.0,11255.4,11111.9,-153.8,-159.5,0.7303141518328709,,False,55.20435200211969,2023-12-11,2023-12-01
2023-12-17,80.0,176.0,125.0,11092.0,456.0,11268.0,-331.0,-1.149223616106676,11289.6,11157.3,-176.0,-170.6,0.864802161582796,364.8,False,55.429900970423596,2023-12-11,2023-12-01
2023-12-18,116.0,188.0,164.0,11149.0,364.0,11337.0,-200.0,0.6123535676251235,11325.4,11206.7,-201.8,-188.9,0.714557937632497,221.95121951219514,False,55.67532209452523,2023-12-18,2023-12-01
2023-12-19,105.0,185.0,158.0,11291.0,272.0,11476.0,-114.0,1.2260739172620605,11370.6,11255.2,-198.6,-190.9,0.6899745092276975,172.15189873417722,False,55.91627198357235,2023-12-18,2023-12-01
2023-12-20,136.0,246.0,123.0,11516.0,390.0,11762.0,-267.0,2.492157546183349,11448.4,11324.9,-221.4,-195.9,0.7157702553347984,317.0731707317073,False,56.262544298347294,2023-12-18,2023-12-01
2023-12-21,128.0,228.0,177.0,11375.0,497.0,11603.0,-320.0,-1.3518109165107983,11489.2,11372.3,-246.4,-200.1,0.7622034510802337,280.7909604519774,False,56.49802934455005,2023-12-18,2023-12-01
2023-12-22,,,,,,,,0.0,11489.2,11372.3,-246.4,-200.1,0.7622034510802337,,False,56.49802934455005,2023-12-18,2023-12-01
2023-12-23,,,,,,,,0.0,11489.2,11372.3,-246.4,-200.1,0.7622034510802337,,False,56.49802934455005,2023-12-18,2023-12-01
2023-12-24,,,,,,,,0.0,11544.5,11402.888888888889,-225.25,-197.88888888888889,0.80364266816951,,False,56.6499961359697,2023-12-18,2023-12-01
2023-12-25,90.0,196.0,205.0,11144.0,347.0,11340.0,-142.0,-2.266655175385679,11545.25,11423.111111111111,-210.75,-205.77777777777777,0.7168518051374817,169.2682926829268,False,56.750460923613645,2023-12-25,2023-12-01
2023-12-26,56.0,82.0,68.0,11217.0,288.0,11299.0,-220.0,-0.36155202821869237,11501.0,11428.555555555555,-237.25,-215.77777777777777,0.6721265004812844,423.5294117647059,False,56.77750913567161,2023-12-25,2023-12-01
2023-12-27,74.0,103.0,80.0,11206.0,335.0,11309.0,-255.0,0.08850340738117968,11387.75,11421.444444444445,-234.25,-227.11111111111111,0.6466967389596668,418.75,False,56.742180858697935,2023-12-25,2023-12-01
2023-12-28,68.0,107.0,102.0,11230.0,357.0,11337.0,-255.0,0.2475904147139385,11321.25,11414.555555555555,-218.0,-233.77777777777777,0.642225550996527,350.0,False,56.70795659037966,2023-12-25,2023-12-01
2023-12-29,,,,,,,,0.0,11321.25,11414.555555555555,-218.0,-233.77777777777777,0.642225550996527,,False,56.70795659037966,2023-12-25,2023-12-01
2023-12-30,,,,,,,,0.0,11321.25,11414.555555555555,-218.0,-233.77777777777777,0.642225550996527,,False,56.70795659037966,2023-12-25,2023-12-01
2023-12-31,,,,,,,,0.0,11321.25,11432.875,-218.0,-221.625,0.5946829967435825,,False,56.7989683039115,2023-12-25,2023-12-01
2024-01-01,92.0,124.0,93.0,10870.0,290.0,10994.0,-197.0,-3.0254917526682523,11234.75,11390.0,-231.75,-221.25,0.5981896131857549,311.8279569892473,False,56.58596363395488,2024-01-01,2024-01-01
2024-01-02,113.0,162.0,107.0,10770.0,316.0,10932.0,-209.0,-0.5639439694378745,11143.0,11322.0,-229.0,-233.125,0.4722851284467663,295.3271028037383,False,56.24813698539396,2024-01-01,2024-01-01
2024-01-03,106.0,196.0,131.0,10718.0,263.0,10914.0,-132.0,-0.16465422612513825,11044.25,11216.0,-198.25,-216.25,0.5518307902763274,200.76335877862596,False,55.721524856754876,2024-01-01,2024-01-01
2024-01-04,86.0,152.0,168.0,10558.0,362.0,10710.0,-194.0,-1.869158878504673,10887.5,11104.375,-183.0,-200.5,0.41074035455822305,215.47619047619045,False,55.16696750902527,2024-01-01,2024-01-01
2024-01-05,,,,,,,,0.0,10887.5,11104.375,-183.0,-200.5,0.41074035455822305,,False,55.16696750902527,2024-01-01,2024-01-01
2024-01-06,,,,,,,,0.0,10887.5,11104.375,-183.0,-200.5,0.41074035455822305,,False,55.16696750902527,2024-01-01,2024-01-01
2024-01-07,84.0,118.0,136.0,9670.0,367.0,9788.0,-231.0,-8.608776844070965,10667.6,10958.111111111111,-192.6,-203.88888888888889,0.4002422568855351,269.8529411764706,False,54.440322812130844,2024-01-01,2024-01-01
2024-01-08,59.0,64.0,117.0,9670.0,367.0,9734.0,-250.0,-0.5516959542296695,10415.6,10779.666666666666,-203.2,-215.88888888888889,0.3650613486229484,313.6752136752137,False,53.55380386182227,2024-01-08,2024-01-01
2024-01-09,62.0,97.0,52.0,9311.0,286.0,9408.0,-234.0,-3.3490856790630796,10110.8,10569.555555555555,-208.2,-217.44444444444446,0.3766408840639393,550.0,False,52.509963678115234,2024-01-08,2024-01-01
2024-01-10,91.0,75.0,97.0,9144.0,349.0,9219.0,-252.0,-2.00892857142857,9771.8,10337.333333333334,-232.2,-217.11111111111111,0.38178687805156025,359.7938144329897,False,51.356274633193124,2024-01-08,2024-01-01
2024-01-11,29.0,51.0,11.0,8829.0,476.0,8880.0,-465.0,-3.6771884152294154,9405.8,10064.333333333334,-286.4,-240.44444444444446,0.9131886858353052,4327.272727272727,False,50.0,2024-01-08,2024-01-01
2024-01-12,,,,,,,,0.0,9405.8,10064.333333333334,-286.4,-240.44444444444446,0.9131886858353052,,False,50.0,2024-01-08,2024-01-01
2024-01-13,,,,,,,,0.0,9405.8,10064.333333333334,-286.4,-240.44444444444446,0.9131886858353052,,False,50.0,2024-01-08,2024-01-01
2024-01-14,,,,,,,,0.0,9310.25,10064.333333333334,-300.25,-240.44444444444446,0.9131886858353052,,False,50.0,2024-01-08,2024-01-01
2024-01-15,33.0,53.0,34.0,8033.0,234.0,8086.0,-200.0,-8.941441441441444,8898.25,9741.222222222223,-287.75,-240.77777777777777,0.9417131325541793,688.2352941176471,False,48.394771415007895,2024-01-15,2024-01-01
2024-01-16,32.0,49.0,39.0,8133.0,188.0,8182.0,-149.0,1.187237200098945,8591.75,9435.666666666666,-266.5,-234.11111111111111,1.0215950139576297,482.05128205128204,False,46.87675951379458,2024-01-15,2024-01-01
2024-01-17,80.0,176.0,125.0,8072.0,353.0,8248.0,-228.0,0.8066487411390932,8349.0,9139.444444444445,-260.5,-244.77777777777777,0.9703645777398547,282.4,False,45.40511597610926,2024-01-15,2024-01-01
2024-01-18,116.0,188.0,164.0,8042.0,359.0,8230.0,-195.0,-0.21823472356935492,8186.5,8863.888888888889,-193.0,-244.88888888888889,0.9997300391678837,218.90243902439025,False,44.036145243378705,2024-01-15,2024-01-01
2024-01-19,,,,,,,,0.0,8186.5,8863.888888888889,-193.0,-244.88888888888889,0.9997300391678837,,False,44.036145243378705,2024-01-15,2024-01-01
2024-01-20,,,,,,,,0.0,8186.5,8863.888888888889,-193.0,-244.88888888888889,0.9997300391678837,,False,44.036145243378705,2024-01-15,2024-01-01
2024-01-21,105.0,185.0,158.0,7974.0,371.0,8159.0,-213.0,-0.8626974483596617,8181.0,8682.888888888889,-197.0,-242.88888888888889,1.026950871141055,234.81012658227849,False,43.13693019353271,2024-01-15,2024-01-01
2024-01-22,136.0,246.0,123.0,8008.0,222.0,8254.0,-99.0,1.164358377252106,8214.6,8518.444444444445,-176.8,-226.11111111111111,1.1865403414517648,180.4878048780488,False,42.319963788516105,2024-01-22,2024-01-01
2024-01-23,128.0,228.0,177.0,8133.0,202.0,8361.0,-25.0,1.296341167918591,8250.4,8402.111111111111,-152.0,-202.88888888888889,1.4409186860178416,114.12429378531073,False,41.742015257399615,2024-01-22,2024-01-01
2024-01-24,90.0,196.0,205.0,8212.0,243.0,8408.0,-38.0,0.5621337160626627,8282.4,8312.0,-114.0,-179.11111111111111,1.574075492463551,118.53658536585365,False,41.294339747623624,2024-01-22,2024-01-01
2024-01-25,102.0,189.0,155.0,8180.0,293.0,8369.0,-138.0,-0.4638439581351128,8310.2,8255.222222222223,-102.6,-142.77777777777777,0.908753574913352,189.03225806451613,False,41.0122655361618,2024-01-22,2024-01-01
2024-01-26,,,,,,,,0.0,8310.2,8255.222222222223,-102.6,-142.77777777777777,0.908753574913352,,False,41.0122655361618,2024-01-22,2024-01-01
2024-01-27,,,,,,,,0.0,8310.2,8255.222222222223,-102.6,-142.77777777777777,0.908753574913352,,False,41.0122655361618,2024-01-22,2024-01-01
2024-01-28,120.0,257.0,126.0,8004.0,307.0,8261.0,-181.0,-1.2904767594694722,8330.6,8255.8,-96.2,-146.6,0.8691407228336102,243.65079365079362,False,41.01513595866591,2024-01-22,2024-01-01
2024-01-29,137.0,272.0,166.0,8057.0,195.0,8329.0,-29.0,0.8231448977121358,8345.6,8280.1,-82.2,-129.5,0.9388855901388375,117.46987951807229,False,41.135859305136954,2024-01-29,2024-01-01
2024-01-30,93.0,198.0,208.0,8182.0,187.0,8380.0,21.0,0.6123184055708997,8349.4,8299.9,-73.0,-112.5,1.0908201101968824,89.90384615384616,False,41.23422647633557,2024-01-29,2024-01-01
2024-01-31,203.0,477.0,258.0,8153.0,266.0,8630.0,-8.0,2.9832935560859086,8393.8,8338.1,-67.0,-90.5,1.0310109596757684,103.10077519379846,False,41.424005564203625,2024-01-29,2024-01-01
2024-02-01,222.0,459.0,289.0,8026.0,337.0,8485.0,-48.0,-1.6801853997682525,8417.0,8363.6,-49.0,-75.8,0.9367051149491904,116.6089965397924,False,41.55069055741397,2024-01-29,2024-02-01
2024-02-02,,,,,,,,0.0,8417.0,8363.6,-49.0,-75.8,0.9367051149491904,,False,41.55069055741397,2024-01-29,2024-02-01
2024-02-03,,,,,,,,0.0,8417.0,8363.6,-49.0,-75.8,0.9367051149491904,,False,41.55069055741397,2024-01-29,2024-02-01
2024-02-04,253.0,531.0,248.0,7813.0,342.0,8344.0,-94.0,-1.6617560400707165,8433.6,8382.1,-31.6,-63.9,0.7474651783175901,137.90322580645162,False,41.642599277978334,2024-01-29,2024-02-01
2024-02-05,157.0,466.0,345.0,7872.0,242.0,8338.0,103.0,-0.07190795781399917,8435.4,8390.5,-5.2,-43.7,0.9557086669573078,70.14492753623188,False,41.68433080515351,2024-02-05,2024-02-01
2024-02-06,291.0,455.0,323.0,8045.0,178.0,8500.0,145.0,1.9429119692971897,8459.4,8404.4,19.6,-26.7,1.1914390086666469,55.10835913312694,False,41.753386546550516,2024-02-05,2024-02-01
2024-02-07,227.0,453.0,330.0,8160.0,222.0,8613.0,108.0,1.32941176470589,8456.0,8424.9,42.8,-12.1,1.288910131878493,67.27272727272727,False,41.855231345013735,2024-02-05,2024-02-01
2024-02-08,298.0,499.0,358.0,8188.0,315.0,8687.0,43.0,0.8591663764077495,8496.4,8456.7,61.0,6.0,1.182717692542896,87.98882681564247,True,50.531102547489624,2024-02-05,2024-02-01
2024-02-09,,,,,,,,0.0,8496.4,8456.7,61.0,6.0,1.182717692542896,,True,50.531102547489624,2024-02-05,2024-02-01
2024-02-10,,,,,,,,0.0,8496.4,8456.7,61.0,6.0,1.182717692542896,,True,50.531102547489624,2024-02-05,2024-02-01
2024-02-11,205.0,515.0,226.0,8056.0,347.0,8571.0,-121.0,-1.3353286520087493,8541.8,8487.7,55.6,12.0,1.04522456478914,153.53982300884957,True,59.20299931880597,2024-02-05,2024-02-01
2024-02-12,213.0,430.0,440.0,8092.0,234.0,8522.0,206.0,-0.5716952514292384,8578.6,8507.0,76.2,35.5,1.2469103002483461,53.18181818181819,True,92.66060876240948,2024-02-12,2024-02-01
2024-02-13,227.0,369.0,349.0,8348.0,160.0,8717.0,189.0,2.2881952593287957,8622.0,8540.7,85.0,52.3,1.3620779712517253,45.845272206303726,True,100.0,2024-02-12,2024-02-01
2024-02-14,185.0,322.0,272.0,8512.0,230.0,8834.0,42.0,1.3422048870024073,8666.2,8561.1,71.8,57.3,1.3375801178317095,84.55882352941177,True,100.0,2024-02-12,2024-02-01
2024-02-15,333.0,508.0,272.0,8463.0,312.0,8971.0,-40.0,1.5508263527280963,8723.0,8609.7,55.2,58.1,1.3208287337100804,114.70588235294117,True,100.0,2024-02-12,2024-02-01
2024-02-16,,,,,,,,0.0,8723.0,8609.7,55.2,58.1,1.3208287337100804,,True,100.0,2024-02-12,2024-02-01
2024-02-17,,,,,,,,0.0,8723.0,8609.7,55.2,58.1,1.3208287337100804,,True,100.0,2024-02-12,2024-02-01
2024-02-18,,,,,,,,0.0,8761.0,8639.222222222223,99.25,75.0,1.2323829900917376,,True,100.0,2024-02-12,2024-02-01
2024-02-19,249.0,420.0,371.0,8380.0,218.0,8800.0,153.0,-1.9061420131535,8830.5,8690.555555555555,86.0,80.55555555555556,1.2585705151729931,58.760107816711596,True,100.0,2024-02-19,2024-02-01
2024-02-20,149.0,395.0,273.0,8488.0,192.0,8883.0,81.0,0.9431818181818263,8872.0,8733.111111111111,59.0,73.44444444444444,1.2219149312014743,70.32967032967034,True,100.0,2024-02-19,2024-02-01
2024-02-21,232.0,430.0,318.0,8573.0,231.0,9003.0,87.0,1.3508949679162496,8914.25,8776.444444444445,70.25,71.11111111111111,1.2087916795026337,72.64150943396226,True,100.0,2024-02-19,2024-02-01
2024-02-22,165.0,400.0,292.0,8607.0,293.0,9007.0,-1.0,0.04442963456625648,8923.25,8812.0,80.0,66.22222222222223,1.2316386442354108,100.34246575342465,True,100.0,2024-02-19,2024-02-01
2024-02-23,,,,,,,,0.0,8923.25,8812.0,80.0,66.22222222222223,1.2316386442354108,,True,100.0,2024-02-19,2024-02-01
2024-02-24,,,,,,,,0.0,8923.25,8812.0,80.0,66.22222222222223,1.2316386442354108,,True,100.0,2024-02-19,2024-02-01
2024-02-25,244.0,482.0,366.0,8404.0,329.0,8886.0,37.0,-1.3433995781059194,8915.8,8847.0,71.4,83.77777777777777,0.9562920605419326,89.89071038251366,True,100.0,2024-02-19,2024-02-01
2024-02-26,199.0,438.0,326.0,8404.0,329.0,8842.0,-3.0,-0.4951609273013746,8924.2,8882.555555555555,40.2,60.55555555555556,0.8443536853315586,100.920245398773,True,100.0,2024-02-26,2024-02-01
2024-02-27,197.0,369.0,306.0,8650.0,206.0,9019.0,100.0,2.0018095453517404,8951.4,8916.111111111111,44.0,50.666666666666664,0.6773408907200801,67.3202614379085,True,100.0,2024-02-26,2024-02-01
2024-02-28,209.0,447.0,274.0,8699.0,257.0,9146.0,17.0,1.4081383745426335,8980.0,8950.777777777777,30.0,47.888888888888886,0.6860558839074442,93.7956204379562,True,100.0,2024-02-26,2024-02-01
2024-02-29,262.0,444.0,354.0,8724.0,299.0,9168.0,55.0,0.2405423135797058,9012.2,8972.666666666666,41.2,58.44444444444444,0.5776355659954304,84.4632768361582,True,100.0,2024-02-26,2024-02-01
2024-03-01,,,,,,,,0.0,9012.2,8972.666666666666,41.2,58.44444444444444,0.5776355659954304,,True,100.0,2024-02-26,2024-03-01
2024-03-02,,,,,,,,0.0,9012.2,8972.666666666666,41.2,58.44444444444444,0.5776355659954304,,True,100.0,2024-02-26,2024-03-01
2024-03-03,236.0,468.0,347.0,8594.0,354.0,9062.0,-7.0,-1.1561954624781823,9047.4,8981.6,32.4,51.9,0.5908405947745756,102.01729106628241,True,100.0,2024-02-26,2024-03-01
2024-03-04,225.0,509.0,340.0,8660.0,229.0,9169.0,111.0,1.1807548002648494,9112.8,9018.5,55.2,47.7,0.5019102577240445,67.3529411764706,True,100.0,2024-03-04,2024-03-01
2024-03-05,246.0,472.0,345.0,8800.0,214.0,9272.0,131.0,1.12335041989311,9163.4,9057.4,61.4,52.7,0.5703777859074949,62.02898550724638,True,100.0,2024-03-04,2024-03-01
2024-03-06,230.0,457.0,277.0,8870.0,232.0,9327.0,45.0,0.5931837791199213,9199.6,9089.8,67.0,48.5,0.5528288463283675,83.75451263537906,True,100.0,2024-03-04,2024-03-01
2024-03-07,181.0,424.0,328.0,8902.0,305.0,9326.0,23.0,-0.010721561059290341,9231.2,9121.7,60.6,50.9,0.5279013097161526,92.98780487804879,True,100.0,2024-03-04,2024-03-01
2024-03-08,,,,,,,,0.0,9231.2,9121.7,60.6,50.9,0.5279013097161526,,True,100.0,2024-03-04,2024-03-01
2024-03-09,,,,,,,,0.0,9231.2,9121.7,60.6,50.9,0.5279013097161526,,True,100.0,2024-03-04,2024-03-01
2024-03-10,190.0,368.0,326.0,8714.0,373.0,9082.0,-47.0,-2.6163414111087246,9235.2,9141.3,52.6,42.5,0.626877369000399,114.41717791411044,True,100.0,2024-03-04,2024-03-01
2024-03-11,178.0,336.0,290.0,8757.0,253.0,9093.0,37.0,0.12111869632238648,9220.0,9166.4,37.8,46.5,0.6014428008526479,87.24137931034483,True,100.0,2024-03-11,2024-03-01
2024-03-12,154.0,294.0,290.0,8843.0,213.0,9137.0,77.0,0.4838887055977015,9193.0,9178.2,27.0,44.2,0.5784662666925727,73.44827586206897,True,100.0,2024-03-11,2024-03-01
2024-03-13,165.0,358.0,167.0,8819.0,239.0,9177.0,-72.0,0.43778045310276514,9163.0,9181.3,3.6,35.3,0.7015559388324036,143.11377245508982,True,95.7266278405442,2024-03-11,2024-03-01
2024-03-14,166.0,301.0,252.0,8695.0,310.0,8996.0,-58.0,-1.9723221096218824,9097.0,9164.1,-12.6,24.0,0.7662713261957155,123.01587301587303,True,79.59915599196559,2024-03-11,2024-03-01
2024-03-15,,,,,,,,0.0,9097.0,9164.1,-12.6,24.0,0.7662713261957155,,True,79.59915599196559,2024-03-11,2024-03-01
2024-03-16,,,,,,,,0.0,9097.0,9164.1,-12.6,24.0,0.7662713261957155,,True,79.59915599196559,2024-03-11,2024-03-01
2024-03-17,127.0,260.0,259.0,8373.0,342.0,8633.0,-83.0,-4.035126722987991,9007.2,9121.2,-19.8,16.4,0.851507127251081,132.04633204633205,True,68.59670287344865,2024-03-11,2024-03-01
2024-03-18,123.0,243.0,188.0,8333.0,283.0,8576.0,-95.0,-0.6602571527858259,8903.8,9061.9,-46.2,-4.2,0.8508778452408404,150.531914893617,False,45.0198721557977,2024-03-18,2024-03-01
2024-03-19,99.0,202.0,256.0,8390.0,197.0,8592.0,59.0,0.1865671641791078,8794.8,8993.9,-49.8,-11.4,0.7291398934822462,76.953125,False,44.68204550723677,2024-03-18,2024-03-01
2024-03-20,91.0,181.0,174.0,8365.0,227.0,8546.0,-53.0,-0.5353817504655467,8668.6,8915.8,-46.0,-21.2,0.7122516298706129,130.45977011494253,False,44.29404166528665,2024-03-18,2024-03-01
2024-03-21,132.0,261.0,141.0,8292.0,235.0,8553.0,-94.0,0.08190966534051825,8580.0,8838.5,-53.2,-32.9,0.73779297676238,166.66666666666669,False,43.910012254496074,2024-03-18,2024-03-01
2024-03-22,,,,,,,,0.0,8580.0,8838.5,-53.2,-32.9,0.73779297676238,,False,43.910012254496074,2024-03-18,2024-03-01
2024-03-23,,,,,,,,0.0,8580.0,8838.5,-53.2,-32.9,0.73779297676238,,False,43.910012254496074,2024-03-18,2024-03-01
2024-03-24,124.0,264.0,221.0,7899.0,373.0,8163.0,-152.0,-4.559803577692034,8486.0,8746.6,-67.0,-43.4,0.861947822841374,168.77828054298644,False,43.45344947504388,2024-03-18,2024-03-01
2024-03-25,128.0,242.0,224.0,7899.0,229.0,8141.0,-5.0,-0.26950875903466454,8399.0,8651.4,-49.0,-47.6,0.8262595709008783,102.23214285714286,False,42.980492167058586,2024-03-25,2024-03-01
2024-03-26,187.0,276.0,200.0,7919.0,208.0,8195.0,-8.0,0.6633091757769272,8319.6,8557.2,-62.4,-56.1,0.6892566541583435,104.0,False,42.51250289802272,2024-03-25,2024-03-01
2024-03-27,129.0,287.0,185.0,7893.0,215.0,8180.0,-30.0,-0.18303843807199183,8246.4,8457.5,-57.8,-51.9,0.7001827843651294,116.21621621621621,False,42.017189414765014,2024-03-25,2024-03-01
2024-03-28,161.0,288.0,248.0,7762.0,360.0,8050.0,-112.0,-1.58924205378973,8145.8,8362.9,-61.4,-57.3,0.7440231819318599,145.16129032258064,False,41.54721293014937,2024-03-25,2024-03-01
2024-03-29,,,,,,,,0.0,8145.8,8362.9,-61.4,-57.3,0.7440231819318599,,False,41.54721293014937,2024-03-25,2024-03-01
2024-03-30,,,,,,,,0.0,8145.8,8362.9,-61.4,-57.3,0.7440231819318599,,False,41.54721293014937,2024-03-25,2024-03-01
2024-03-31,105.0,254.0,151.0,7257.0,287.0,7511.0,-136.0,-6.695652173913047,8015.4,8250.7,-58.2,-62.6,0.8089853183051354,190.0662251655629,False,40.98979896002385,2024-03-25,2024-03-01
2024-04-01,109.0,235.0,171.0,7271.0,172.0,7506.0,-1.0,-0.06656903208627218,7888.4,8143.7,-57.4,-53.2,0.8384212900386067,100.58479532163742,False,40.45821879243533,2024-04-01,2024-04-01
2024-04-02,101.0,230.0,175.0,7340.0,132.0,7570.0,43.0,0.8526512123634422,7763.4,8041.5,-47.2,-54.8,0.8143701179703554,75.42857142857143,False,39.95048521180406,2024-04-01,2024-04-01
2024-04-03,124.0,230.0,190.0,7346.0,163.0,7576.0,27.0,0.07926023778070945,7642.6,7944.5,-35.8,-46.8,0.8865464760404878,85.78947368421052,False,39.4685854337098,2024-04-01,2024-04-01
2024-04-04,95.0,226.0,152.0,7317.0,225.0,7543.0,-73.0,-0.4355860612460405,7541.2,7843.5,-28.0,-44.7,0.8818736401736372,148.0263157894737,False,38.96681349981784,2024-04-01,2024-04-01
2024-04-05,,,,,,,,0.0,7541.2,7843.5,-28.0,-44.7,0.8818736401736372,,False,38.96681349981784,2024-04-01,2024-04-01
2024-04-06,,,,,,,,0.0,7541.2,7843.5,-28.0,-44.7,0.8818736401736372,,False,38.96681349981784,2024-04-01,2024-04-01
2024-04-07,106.0,239.0,233.0,6982.0,279.0,7221.0,-46.0,-4.268858544345755,7483.2,7749.3,-10.0,-34.1,0.7502929244063473,119.74248927038627,False,38.49882423078197,2024-04-01,2024-04-01
2024-04-08,102.0,230.0,167.0,6988.0,199.0,7218.0,-32.0,-0.041545492314087884,7425.6,7657.0,-16.2,-36.8,0.7478280648660717,119.16167664670658,False,38.040274235750005,2024-04-08,2024-04-01
2024-04-09,118.0,231.0,217.0,7043.0,130.0,7274.0,87.0,0.775838182321964,7366.4,7564.9,-7.4,-27.3,0.9148183020175895,59.907834101382484,False,37.582717848507926,2024-04-08,2024-04-01
2024-04-10,117.0,244.0,142.0,6999.0,227.0,7243.0,-85.0,-0.42617541930162206,7299.8,7471.2,-29.8,-32.8,0.958186353745191,159.85915492957747,False,37.11721259894677,2024-04-08,2024-04-01
2024-04-11,183.0,221.0,220.0,6912.0,285.0,7133.0,-65.0,-1.518707717796497,7217.8,7379.5,-28.2,-28.1,0.9109034398357899,129.54545454545453,False,36.66164342728447,2024-04-08,2024-04-01
2024-04-12,,,,,,,,0.0,7217.8,7379.5,-28.2,-28.1,0.9109034398357899,,False,36.66164342728447,2024-04-08,2024-04-01
2024-04-13,,,,,,,,0.0,7217.8,7379.5,-28.2,-28.1,0.9109034398357899,,False,36.66164342728447,2024-04-08,2024-04-01
2024-04-14,128.0,245.0,243.0,6630.0,290.0,6875.0,-47.0,-3.6169914481985144,7148.6,7315.9,-28.4,-19.2,0.7703977829680668,119.34156378600822,False,36.34567615010101,2024-04-08,2024-04-01
2024-04-15,144.0,303.0,176.0,6681.0,191.0,6984.0,-15.0,1.5854545454545566,7101.8,7263.7,-25.0,-20.6,0.7713993369462074,108.52272727272727,False,36.08634451694101,2024-04-15,2024-04-01
2024-04-16,219.0,392.0,205.0,6685.0,163.0,7077.0,42.0,1.3316151202749094,7062.4,7214.4,-34.0,-20.7,0.7749330176937238,79.51219512195122,False,35.84142019673433,2024-04-15,2024-04-01
2024-04-17,182.0,371.0,274.0,6725.0,227.0,7096.0,47.0,0.2684753426593245,7033.0,7166.4,-7.6,-18.7,0.8109627755116918,82.84671532846716,False,35.602954327161925,2024-04-15,2024-04-01
2024-04-18,144.0,322.0,258.0,6728.0,260.0,7050.0,-2.0,-0.6482525366403591,7016.4,7117.1,5.0,-11.6,0.7727781531249324,100.7751937984496,False,35.358030006955254,2024-04-15,2024-04-01
2024-04-19,,,,,,,,0.0,7016.4,7117.1,5.0,-11.6,0.7727781531249324,,False,35.358030006955254,2024-04-15,2024-04-01
2024-04-20,,,,,,,,0.0,7016.4,7117.1,5.0,-11.6,0.7727781531249324,,False,35.358030006955254,2024-04-15,2024-04-01
2024-04-21,208.0,380.0,343.0,6745.0,240.0,7125.0,103.0,1.0638297872340496,7066.4,7107.5,35.0,3.3,0.9015570042086495,69.97084548104957,True,39.99517499317705,2024-04-15,2024-04-01
2024-04-22,176.0,424.0,251.0,6799.0,214.0,7223.0,37.0,1.3754385964912297,7114.2,7108.0,45.4,10.2,0.8943111531989966,85.2589641434263,True,49.79322971111855,2024-04-22,2024-04-01
2024-04-23,252.0,427.0,307.0,6967.0,134.0,7394.0,173.0,2.367437352900459,7177.6,7120.0,71.6,18.8,1.110188425825992,43.648208469055376,True,62.06181835341227,2024-04-22,2024-04-01
2024-04-24,253.0,411.0,307.0,7128.0,154.0,7539.0,153.0,1.9610494995942584,7266.2,7149.6,92.8,42.6,1.1209273069958288,50.1628664495114,True,95.99649297638908,2024-04-22,2024-04-01
2024-04-25,145.0,357.0,333.0,7209.0,217.0,7566.0,116.0,0.35813768404298063,7369.4,7192.9,116.4,60.7,1.0188717261588334,65.16516516516516,True,100.0,2024-04-22,2024-04-01
2024-04-26,,,,,,,,0.0,7369.4,7192.9,116.4,60.7,1.0188717261588334,,True,100.0,2024-04-22,2024-04-01
2024-04-27,,,,,,,,0.0,7369.4,7192.9,116.4,60.7,1.0188717261588334,,True,100.0,2024-04-22,2024-04-01
2024-04-28,158.0,349.0,365.0,7298.0,250.0,7647.0,115.0,1.0705789056304482,7473.8,7270.1,118.8,76.9,0.8826897014365429,68.4931506849315,True,100.0,2024-04-22,2024-04-01
2024-04-29,140.0,292.0,255.0,7373.0,187.0,7665.0,68.0,0.23538642604943316,7562.2,7338.2,125.0,85.2,0.760198745875964,73.33333333333333,True,100.0,2024-04-29,2024-04-01
2024-04-30,220.0,443.0,194.0,7431.0,135.0,7874.0,59.0,2.726679712981084,7658.2,7417.9,102.2,86.9,0.7356246185724349,69.58762886597938,True,100.0,2024-04-29,2024-04-01
2024-05-01,197.0,437.0,295.0,7508.0,190.0,7945.0,105.0,0.9017018034036095,7739.4,7502.8,92.6,92.7,0.7052437939328409,64.40677966101694,True,100.0,2024-04-29,2024-05-01
2024-05-02,206.0,411.0,293.0,7577.0,194.0,7988.0,99.0,0.5412208936437901,7823.8,7596.6,89.2,102.8,0.5418620206803202,66.21160409556313,True,100.0,2024-04-29,2024-05-01
2024-05-03,,,,,,,,0.0,7823.8,7596.6,89.2,102.8,0.5418620206803202,,True,100.0,2024-04-29,2024-05-01
2024-05-04,,,,,,,,0.0,7823.8,7596.6,89.2,102.8,0.5418620206803202,,True,100.0,2024-04-29,2024-05-01
2024-05-05,150.0,315.0,228.0,7447.0,332.0,7762.0,-104.0,-2.829243865798703,7846.8,7660.3,45.4,82.1,1.0086605250794587,145.61403508771932,True,100.0,2024-04-29,2024-05-01
2024-05-06,173.0,337.0,211.0,7449.0,205.0,7786.0,6.0,0.30919866013914277,7871.0,7716.6,33.0,79.0,1.0348524598701692,97.1563981042654,True,100.0,2024-05-06,2024-05-01
2024-05-07,176.0,334.0,246.0,7566.0,163.0,7900.0,83.0,1.4641664526072518,7876.2,7767.2,37.8,70.0,0.9378977831349034,66.26016260162602,True,100.0,2024-05-06,2024-05-01
2024-05-08,167.0,374.0,205.0,7583.0,202.0,7957.0,3.0,0.7215189873417627,7878.6,7809.0,17.4,55.0,0.8863033845218287,98.53658536585365,True,100.0,2024-05-06,2024-05-01
2024-05-09,138.0,285.0,268.0,7570.0,244.0,7855.0,24.0,-1.2818901596078902,7852.0,7837.9,2.4,45.8,0.8452951129476506,91.04477611940298,True,100.0,2024-05-06,2024-05-01
2024-05-10,,,,,,,,0.0,7852.0,7837.9,2.4,45.8,0.8452951129476506,,True,100.0,2024-05-06,2024-05-01
2024-05-11,,,,,,,,0.0,7852.0,7837.9,2.4,45.8,0.8452951129476506,,True,100.0,2024-05-06,2024-05-01
2024-05-12,138.0,301.0,263.0,7464.0,245.0,7765.0,18.0,-1.145767027371103,7852.6,7849.7,26.8,36.1,0.78930126405592,93.15589353612167,True,90.24690551734061,2024-05-06,2024-05-01
2024-05-13,112.0,331.0,167.0,7499.0,157.0,7830.0,10.0,0.8370895041854398,7861.4,7866.2,27.6,30.3,0.7799386889935738,94.01197604790418,True,82.09492018158477,2024-05-13,2024-05-01
2024-05-14,246.0,419.0,218.0,7546.0,186.0,7965.0,32.0,1.724137931034475,7874.4,7875.3,17.4,27.6,0.7686927159577969,85.3211009174312,True,78.30707993227668,2024-05-13,2024-05-01
2024-05-15,115.0,285.0,341.0,7589.0,265.0,7874.0,76.0,-1.1424984306340202,7857.8,7868.2,32.0,24.7,0.7245477835561437,77.71260997067448,True,74.15482786652507,2024-05-13,2024-05-01
2024-05-16,206.0,340.0,214.0,7565.0,234.0,7905.0,-20.0,0.3937007874015741,7867.8,7859.9,23.2,12.8,0.661254279143764,109.34579439252336,True,57.21978280820794,2024-05-13,2024-05-01
2024-05-17,,,,,,,,0.0,7867.8,7859.9,23.2,12.8,0.661254279143764,,True,57.21978280820794,2024-05-13,2024-05-01
2024-05-18,,,,,,,,0.0,7867.8,7859.9,23.2,12.8,0.661254279143764,,True,57.21978280820794,2024-05-13,2024-05-01
2024-05-19,143.0,295.0,278.0,7356.0,298.0,7651.0,-20.0,-3.2131562302340266,7845.0,7848.8,15.6,21.2,0.4462232052789297,107.19424460431655,True,69.08968016530714,2024-05-13,2024-05-01
2024-05-20,111.0,268.0,217.0,7368.0,192.0,7636.0,25.0,-0.19605280355509125,7806.2,7833.8,18.6,23.1,0.44193112719101163,88.47926267281106,True,71.71249064296241,2024-05-20,2024-05-01
2024-05-21,196.0,348.0,176.0,7404.0,145.0,7752.0,31.0,1.5191199580932402,7763.6,7819.0,18.4,17.9,0.35644627218204,82.38636363636364,True,64.25679444447798,2024-05-20,2024-05-01
2024-05-22,168.0,349.0,272.0,7474.0,208.0,7823.0,64.0,0.9158926728586092,7753.4,7805.6,16.0,24.0,0.39422414344724016,76.47058823529412,True,72.85007507917123,2024-05-20,2024-05-01
2024-05-23,193.0,272.0,314.0,7494.0,227.0,7766.0,87.0,-0.7286207337338646,7725.6,7796.7,37.4,30.3,0.47016976647481334,72.29299363057325,True,81.74964147459971,2024-05-20,2024-05-01
2024-05-24,,,,,,,,0.0,7725.6,7796.7,37.4,30.3,0.47016976647481334,,True,81.74964147459971,2024-05-20,2024-05-01
2024-05-25,,,,,,,,0.0,7725.6,7796.7,37.4,30.3,0.47016976647481334,,True,81.74964147459971,2024-05-20,2024-05-01
2024-05-26,,,,,,,,0.0,7744.25,7800.222222222223,51.75,31.666666666666668,0.4949888696060246,,True,83.70732551245075,2024-05-20,2024-05-01
2024-05-27,156.0,344.0,252.0,7365.0,167.0,7709.0,85.0,-0.7339685809940821,7762.5,7786.777777777777,66.75,40.0,0.5309782988394892,66.26984126984127,True,95.4709323830809,2024-05-27,2024-05-01
2024-05-28,153.0,348.0,239.0,7418.0,151.0,7766.0,88.0,0.7393955117395157,7766.0,7764.666666666667,81.0,46.22222222222222,0.5681230399257489,63.17991631799163,True,100.0,2024-05-27,2024-05-01
2024-05-29,182.0,462.0,158.0,7491.0,141.0,7953.0,17.0,2.4079320113314484,7798.5,7773.444444444444,69.25,39.666666666666664,0.5597822915576114,89.24050632911393,True,94.9314758879839,2024-05-27,2024-05-01
2024-05-30,167.0,406.0,339.0,7563.0,190.0,7969.0,149.0,0.20118194392053645,7849.25,7780.555555555556,84.75,58.44444444444444,0.6485163963175934,56.04719764011799,True,100.0,2024-05-27,2024-05-01
2024-05-31,,,,,,,,0.0,7849.25,7780.555555555556,84.75,58.44444444444444,0.6485163963175934,,True,100.0,2024-05-27,2024-05-01
2024-06-01,,,,,,,,0.0,7849.25,7780.555555555556,84.75,58.44444444444444,0.6485163963175934,,True,100.0,2024-05-27,2024-06-01
2024-06-02,159.0,330.0,322.0,7546.0,306.0,7876.0,16.0,-1.1670222110678918,7854.6,7805.555555555556,71.0,62.44444444444444,0.5706503066858095,95.03105590062113,True,100.0,2024-05-27,2024-06-01
2024-06-03,109.0,244.0,257.0,7596.0,224.0,7840.0,33.0,-0.45708481462671813,7880.8,7828.222222222223,60.6,63.333333333333336,0.5591945606367166,87.15953307392996,True,100.0,2024-06-03,2024-06-01
2024-06-04,260.0,356.0,176.0,7565.0,203.0,7921.0,-27.0,1.033163265306114,7911.8,7847.0,37.6,56.888888888888886,0.6693623274894378,115.34090909090908,True,100.0,2024-06-03,2024-06-01
2024-06-05,173.0,345.0,291.0,7691.0,198.0,8036.0,93.0,1.4518368892816547,7928.4,7870.666666666667,52.8,60.111111111111114,0.6846622776125049,68.04123711340206,True,100.0,2024-06-03,2024-06-01
2024-06-06,179.0,326.0,282.0,7741.0,238.0,8067.0,44.0,0.3857640617222602,7948.0,7904.111111111111,31.8,55.333333333333336,0.6718785360793466,84.39716312056737,True,100.0,2024-06-03,2024-06-01
2024-06-07,,,,,,,,0.0,7948.0,7904.111111111111,31.8,55.333333333333336,0.6718785360793466,,True,100.0,2024-06-03,2024-06-01
2024-06-08,,,,,,,,0.0,7948.0,7904.111111111111,31.8,55.333333333333336,0.6718785360793466,,True,100.0,2024-06-03,2024-06-01
2024-06-09,116.0,289.0,166.0,7451.0,312.0,7740.0,-146.0,-4.0535515061361105,7920.8,7887.7,-0.6,35.2,1.0268683673519134,187.95180722891567,True,89.15800786283616,2024-06-03,2024-06-01
2024-06-10,184.0,334.0,229.0,7439.0,212.0,7773.0,17.0,0.426356589147292,7907.4,7894.1,-3.8,28.4,1.0030911113044,92.57641921397381,True,79.5361974063771,2024-06-10,2024-06-01
2024-06-11,186.0,352.0,224.0,7493.0,156.0,7845.0,68.0,0.9262832883056626,7892.2,7902.0,15.2,26.4,0.9839537773144714,69.64285714285714,True,76.7361490594495,2024-06-10,2024-06-01
2024-06-12,152.0,266.0,274.0,7548.0,212.0,7814.0,62.0,-0.39515615041427754,7847.8,7888.1,9.0,30.9,0.9944936755216099,77.37226277372264,True,83.0555089909656,2024-06-10,2024-06-01
2024-06-13,167.0,293.0,230.0,7544.0,259.0,7837.0,-29.0,0.2943434860506855,7801.8,7874.9,-5.6,13.1,0.8659986758686622,112.6086956521739,True,57.72019777064353,2024-06-10,2024-06-01
2024-06-14,,,,,,,,0.0,7801.8,7874.9,-5.6,13.1,0.8659986758686622,,True,57.72019777064353,2024-06-10,2024-06-01
2024-06-15,,,,,,,,0.0,7801.8,7874.9,-5.6,13.1,0.8659986758686622,,True,57.72019777064353,2024-06-10,2024-06-01
2024-06-16,204.0,315.0,233.0,7307.0,294.0,7622.0,-61.0,-2.7433967079239507,7778.2,7849.5,11.4,5.4,0.9181440770872981,126.1802575107296,True,46.66272054101013,2024-06-10,2024-06-01
2024-06-17,159.0,310.0,272.0,7318.0,224.0,7628.0,48.0,0.07871949619522312,7749.2,7828.3,17.6,6.9,0.9307226185180031,82.35294117647058,True,48.68687000625334,2024-06-17,2024-06-01
2024-06-18,160.0,297.0,253.0,7340.0,214.0,7637.0,39.0,0.11798636601991763,7707.6,7799.9,11.8,13.5,0.9286759487371151,84.58498023715416,True,57.91545402036223,2024-06-17,2024-06-01
2024-06-19,204.0,321.0,246.0,7433.0,198.0,7754.0,48.0,1.5320151892104228,7695.6,7771.7,9.0,9.0,0.8778451168922341,80.48780487804879,True,51.38693964907532,2024-06-17,2024-06-01
2024-06-20,145.0,247.0,243.0,7431.0,235.0,7678.0,8.0,-0.9801392829507316,7663.8,7732.8,16.4,5.4,0.8678897432188899,96.70781893004116,True,46.082950395612194,2024-06-17,2024-06-01
2024-06-21,,,,,,,,0.0,7663.8,7732.8,16.4,5.4,0.8678897432188899,,True,46.082950395612194,2024-06-17,2024-06-01
2024-06-22,,,,,,,,0.0,7663.8,7732.8,16.4,5.4,0.8678897432188899,,True,46.082950395612194,2024-06-17,2024-06-01
2024-06-23,102.0,227.0,201.0,7247.0,294.0,7474.0,-93.0,-2.6569419119562343,7634.2,7706.2,10.0,10.7,0.7109675788773648,146.26865671641792,True,53.47493457432181,2024-06-17,2024-06-01
2024-06-24,116.0,175.0,172.0,7239.0,202.0,7414.0,-30.0,-0.8027829810008047,7591.4,7670.3,-5.6,6.0,0.7325163081545658,117.44186046511629,True,46.62423671766152,2024-06-24,2024-06-01
2024-06-25,172.0,263.0,191.0,7239.0,202.0,7502.0,-11.0,1.1869436201780381,7564.4,7636.0,-15.6,-1.9,0.6795407741854255,105.75916230366491,False,37.93594541781207,2024-06-24,2024-06-01
2024-06-26,132.0,235.0,197.0,7268.0,187.0,7503.0,10.0,0.013329778725679198,7514.2,7604.9,-23.2,-7.1,0.6201932508495214,94.9238578680203,False,37.78143940648494,2024-06-24,2024-06-01
2024-06-27,174.0,208.0,256.0,7248.0,268.0,7456.0,-12.0,-0.6264161002265789,7469.8,7566.8,-27.2,-5.4,0.6157277958954099,104.6875,False,37.592157122511836,2024-06-24,2024-06-01
2024-06-28,,,,,,,,0.0,7469.8,7566.8,-27.2,-5.4,0.6157277958954099,,False,37.592157122511836,2024-06-24,2024-06-01
2024-06-29,,,,,,,,0.0,7469.8,7566.8,-27.2,-5.4,0.6157277958954099,,False,37.592157122511836,2024-06-24,2024-06-01
2024-06-30,123.0,230.0,167.0,6874.0,273.0,7104.0,-106.0,-4.72103004291845,7395.8,7515.0,-29.8,-9.9,0.7201887806462349,163.47305389221555,False,37.3348127049316,2024-06-24,2024-06-01
2024-07-01,123.0,233.0,159.0,6825.0,229.0,7058.0,-70.0,-0.6475225225225256,7324.6,7458.0,-37.8,-21.7,0.709930528556649,144.0251572327044,False,37.05163448481436,2024-07-01,2024-07-01
2024-07-02,141.0,232.0,188.0,6823.0,184.0,7055.0,4.0,-0.042504958911870894,7235.2,7399.8,-34.8,-25.2,0.6694123177524121,97.87234042553192,False,36.762494617957806,2024-07-01,2024-07-01
2024-07-03,,,,,,,,0.0,7168.25,7360.444444444444,-46.0,-33.333333333333336,0.6100538203252865,,False,36.566974685081526,2024-07-01,2024-07-01
2024-07-04,158.0,226.0,191.0,6790.0,225.0,7016.0,-34.0,-0.5527994330262187,7058.25,7286.888888888889,-51.5,-38.0,0.5787010378976865,117.80104712041886,False,36.201547820134905,2024-07-01,2024-07-01
2024-07-05,,,,,,,,0.0,7058.25,7286.888888888889,-51.5,-38.0,0.5787010378976865,,False,36.201547820134905,2024-07-01,2024-07-01
2024-07-06,,,,,,,,0.0,7058.25,7286.888888888889,-51.5,-38.0,0.5787010378976865,,False,36.201547820134905,2024-07-01,2024-07-01
2024-07-07,96.0,160.0,233.0,6599.0,213.0,6759.0,20.0,-3.6630558722919093,6972.0,7207.444444444444,-20.0,-25.444444444444443,0.5624373944298912,91.41630901287554,False,35.80686472581945,2024-07-01,2024-07-01
2024-07-08,141.0,173.0,129.0,6617.0,123.0,6790.0,6.0,0.458647728953987,6905.0,7138.111111111111,-1.0,-21.444444444444443,0.5854278243816745,95.34883720930233,False,35.462414025325955,2024-07-08,2024-07-01
2024-07-09,116.0,181.0,182.0,6651.0,130.0,6832.0,52.0,0.6185567010309256,6849.25,7063.666666666667,11.0,-14.444444444444445,0.6865433177100546,71.42857142857143,False,35.09257112575763,2024-07-08,2024-07-01
2024-07-10,150.0,157.0,201.0,6649.0,177.0,6806.0,24.0,-0.38056206088993294,6840.6,6986.222222222223,13.6,-12.88888888888889,0.7098174638407524,88.05970149253731,False,34.70782410934102,2024-07-08,2024-07-01
2024-07-11,80.0,176.0,125.0,6640.0,197.0,6816.0,-72.0,0.1469291801351691,6800.6,6915.111111111111,6.0,-19.555555555555557,0.7714385352842296,157.6,False,34.3545413396041,2024-07-08,2024-07-01
2024-07-12,,,,,,,,0.0,6800.6,6915.111111111111,6.0,-19.555555555555557,0.7714385352842296,,False,34.3545413396041,2024-07-08,2024-07-01
2024-07-13,,,,,,,,0.0,6800.6,6915.111111111111,6.0,-19.555555555555557,0.7714385352842296,,False,34.3545413396041,2024-07-08,2024-07-01
2024-07-14,116.0,188.0,164.0,6308.0,237.0,6496.0,-73.0,-4.694835680751175,6748.0,6847.555555555556,-12.6,-15.88888888888889,0.6932724197731598,144.5121951219512,False,34.01892270835403,2024-07-08,2024-07-01
2024-07-15,105.0,185.0,158.0,6283.0,171.0,6468.0,-13.0,-0.4310344827586188,6683.6,6782.0,-16.4,-9.555555555555555,0.6330923379492709,108.22784810126582,False,33.69324015500281,2024-07-15,2024-07-01
2024-07-16,136.0,246.0,123.0,6239.0,173.0,6485.0,-50.0,0.26283240568953925,6614.2,6718.666666666667,-36.8,-15.555555555555555,0.663048804164585,140.65040650406505,False,33.37859768820587,2024-07-15,2024-07-01
2024-07-17,128.0,228.0,177.0,6228.0,187.0,6456.0,-10.0,-0.44718581341557373,6544.2,6692.4,-43.6,-15.0,0.6281307262141872,105.64971751412429,False,33.2481038651343,2024-07-15,2024-07-01
2024-07-18,,,,,,,,0.0,6476.25,6656.444444444444,-36.5,-12.88888888888889,0.661331199817287,,False,33.06947526468607,2024-07-15,2024-07-01
2024-07-19,,,,,,,,0.0,6476.25,6656.444444444444,-36.5,-12.88888888888889,0.661331199817287,,False,33.06947526468607,2024-07-15,2024-07-01
2024-07-20,,,,,,,,0.0,6476.25,6656.444444444444,-36.5,-12.88888888888889,0.661331199817287,,False,33.06947526468607,2024-07-15,2024-07-01
2024-07-21,90.0,196.0,205.0,6058.0,262.0,6254.0,-57.0,-3.1288723667905805,6415.75,6600.333333333333,-32.5,-21.444444444444443,0.671355661624028,127.8048780487805,False,32.79071307919054,2024-07-15,2024-07-01
2024-07-22,102.0,189.0,155.0,6002.0,234.0,6191.0,-79.0,-1.0073552926127327,6346.5,6533.777777777777,-49.0,-30.88888888888889,0.715111167999529,150.96774193548387,False,32.460062486889896,2024-07-22,2024-07-01
2024-07-23,120.0,257.0,126.0,5965.0,170.0,6222.0,-44.0,0.500726861573253,6280.75,6466.0,-47.5,-41.55555555555556,0.5396949099207033,134.92063492063494,False,32.1233398469844,2024-07-22,2024-07-01
2024-07-24,137.0,272.0,166.0,5927.0,177.0,6199.0,-11.0,-0.3696560591449738,6216.5,6398.555555555556,-47.75,-45.44444444444444,0.4365587267671207,106.62650602409639,False,31.788273220062045,2024-07-22,2024-07-01
2024-07-25,93.0,198.0,208.0,5954.0,194.0,6152.0,14.0,-0.7581868043232798,6203.6,6324.777777777777,-35.4,-35.888888888888886,0.5077003494036003,93.26923076923077,False,31.42174234645999,2024-07-22,2024-07-01
2024-07-26,,,,,,,,0.0,6203.6,6324.777777777777,-35.4,-35.888888888888886,0.5077003494036003,,False,31.42174234645999,2024-07-22,2024-07-01
2024-07-27,,,,,,,,0.0,6203.6,6324.777777777777,-35.4,-35.888888888888886,0.5077003494036003,,False,31.42174234645999,2024-07-22,2024-07-01
2024-07-28,152.0,290.0,199.0,5743.0,207.0,6033.0,-8.0,-1.934330299089726,6159.4,6273.333333333333,-25.6,-28.666666666666668,0.47755001633193495,104.02010050251256,False,31.166164342728443,2024-07-22,2024-07-01
2024-07-29,114.0,210.0,219.0,5819.0,163.0,6029.0,56.0,-0.06630200563566557,6127.0,6224.555555555556,1.4,-21.0,0.6617601047143031,74.42922374429224,False,30.92383444286203,2024-07-29,2024-07-01
2024-07-30,125.0,203.0,208.0,5930.0,92.0,6133.0,116.0,1.724995853375355,6109.2,6185.444444444444,33.4,-2.5555555555555554,0.963941301551894,44.230769230769226,False,30.729528919506727,2024-07-29,2024-07-01
2024-07-31,140.0,261.0,163.0,5963.0,154.0,6224.0,9.0,1.4837762921897868,6114.2,6159.666666666667,37.4,-0.4444444444444444,0.9686217864363318,94.47852760736197,False,30.601463915477094,2024-07-29,2024-07-01
2024-08-01,227.0,298.0,212.0,6016.0,169.0,6314.0,43.0,1.4460154241645151,6146.6,6175.1,43.2,3.9,0.9377175887791793,79.71698113207547,True,36.21476423312126,2024-07-29,2024-08-01
2024-08-02,,,,,,,,0.0,6146.6,6175.1,43.2,3.9,0.9377175887791793,,True,36.21476423312126,2024-07-29,2024-08-01
2024-08-03,,,,,,,,0.0,6146.6,6175.1,43.2,3.9,0.9377175887791793,,True,36.21476423312126,2024-07-29,2024-08-01
2024-08-04,63.0,167.0,143.0,5943.0,170.0,6110.0,-27.0,-3.230915426037373,6162.0,6160.7,39.4,6.9,0.894523059447506,118.88111888111888,True,40.402168254191615,2024-07-29,2024-08-01
2024-08-05,172.0,259.0,138.0,5950.0,150.0,6209.0,-12.0,1.6202945990180018,6198.0,6162.5,25.8,13.6,0.7623206335041176,108.69565217391303,True,49.922751837304546,2024-08-05,2024-08-01
2024-08-06,163.0,283.0,200.0,5998.0,143.0,6281.0,57.0,1.1596070220647459,6227.6,6168.4,14.0,23.7,0.7129874790930891,71.5,True,64.29050733297782,2024-08-05,2024-08-01
2024-08-07,135.0,273.0,207.0,6038.0,174.0,6311.0,33.0,0.4776309504855858,6245.0,6179.6,18.8,28.1,0.6843676996629652,84.05797101449275,True,70.59260024939312,2024-08-05,2024-08-01
2024-08-08,119.0,230.0,213.0,6084.0,174.0,6314.0,39.0,0.04753604816987167,6245.0,6195.8,18.0,30.6,0.6795502758253807,81.69014084507043,True,74.22220229865886,2024-08-05,2024-08-01
2024-08-09,,,,,,,,0.0,6245.0,6195.8,18.0,30.6,0.6795502758253807,,True,74.22220229865886,2024-08-05,2024-08-01
2024-08-10,,,,,,,,0.0,6245.0,6195.8,18.0,30.6,0.6795502758253807,,True,74.22220229865886,2024-08-05,2024-08-01
2024-08-11,95.0,211.0,140.0,5894.0,249.0,6105.0,-109.0,-3.3101045296167197,6244.0,6203.0,1.6,20.5,0.975190168779378,177.85714285714283,True,59.91952811322305,2024-08-05,2024-08-01
2024-08-12,109.0,219.0,155.0,5903.0,148.0,6122.0,7.0,0.27846027846027965,6226.6,6212.3,5.4,15.6,0.9540448620613465,95.48387096774194,True,53.009456031613986,2024-08-12,2024-08-01
2024-08-13,162.0,239.0,189.0,5981.0,123.0,6220.0,66.0,1.6007840574975507,6214.4,6221.0,7.2,10.6,0.8270457418499102,65.07936507936508,True,45.95443833390386,2024-08-12,2024-08-01
2024-08-14,109.0,226.0,191.0,5987.0,178.0,6213.0,13.0,-0.11254019292604722,6194.8,6219.9,3.2,11.0,0.8272197821405631,93.19371727748691,True,46.5168326619851,2024-08-12,2024-08-01
2024-08-15,124.0,241.0,156.0,5895.0,220.0,6136.0,-64.0,-1.2393368742958266,6159.2,6202.1,-17.4,0.3,0.8877258760330208,141.02564102564102,True,31.238168746425256,2024-08-12,2024-08-01
2024-08-16,,,,,,,,0.0,6159.2,6202.1,-17.4,0.3,0.8877258760330208,,True,31.238168746425256,2024-08-12,2024-08-01
2024-08-17,,,,,,,,0.0,6159.2,6202.1,-17.4,0.3,0.8877258760330208,,True,31.238168746425256,2024-08-12,2024-08-01
2024-08-18,86.0,244.0,235.0,5821.0,178.0,6065.0,57.0,-1.1571056062581464,6151.2,6197.6,15.8,8.7,0.916640657517556,75.74468085106383,True,43.14085516059066,2024-08-12,2024-08-01
2024-08-19,176.0,254.0,162.0,5865.0,158.0,6119.0,4.0,0.8903544929925733,6150.6,6188.6,15.2,10.3,0.9111216733994778,97.53086419753086,True,45.367579493748266,2024-08-19,2024-08-01
2024-08-20,136.0,274.0,245.0,5995.0,112.0,6269.0,133.0,2.45138094459878,6160.4,6187.4,28.6,17.9,1.0896576423158448,45.714285714285715,True,56.15094209459555,2024-08-19,2024-08-01
2024-08-21,134.0,245.0,167.0,6028.0,156.0,6273.0,11.0,0.06380602966979954,6172.4,6183.6,28.2,15.7,1.08727408864578,93.41317365269461,True,53.00883810649688,2024-08-19,2024-08-01
2024-08-22,182.0,307.0,205.0,6054.0,171.0,6361.0,34.0,1.4028375577873398,6217.4,6188.3,47.8,15.2,1.0836338748579821,83.41463414634146,True,52.322363925902174,2024-08-19,2024-08-01
2024-08-23,,,,,,,,0.0,6217.4,6188.3,47.8,15.2,1.0836338748579821,,True,52.322363925902174,2024-08-19,2024-08-01
2024-08-24,,,,,,,,0.0,6217.4,6188.3,47.8,15.2,1.0836338748579821,,True,52.322363925902174,2024-08-19,2024-08-01
2024-08-25,,,,,,,,0.0,6255.5,6197.555555555556,45.5,29.0,0.8713859673718948,,True,71.9594872833343,2024-08-19,2024-08-01
2024-08-26,,,,,,,,0.0,6301.0,6207.0,59.333333333333336,31.75,0.9192160006424732,,True,75.91043945130356,2024-08-26,2024-08-01
2024-08-27,149.0,285.0,222.0,6152.0,97.0,6437.0,125.0,1.1947806948592987,6357.0,6234.125,56.666666666666664,39.125,1.047920948847799,43.69369369369369,True,86.51510097174766,2024-08-26,2024-08-01
2024-08-28,170.0,285.0,178.0,6227.0,134.0,6512.0,44.0,1.1651390399254336,6436.666666666667,6271.5,67.66666666666667,43.0,1.028007297074332,75.28089887640449,True,92.20191714582428,2024-08-26,2024-08-01
2024-08-29,145.0,295.0,188.0,6250.0,169.0,6545.0,19.0,0.5067567567567544,6498.0,6322.625,62.666666666666664,53.375,0.7876837179142065,89.8936170212766,True,100.0,2024-08-26,2024-08-01
2024-08-30,,,,,,,,0.0,6498.0,6322.625,62.666666666666664,53.375,0.7876837179142065,,True,100.0,2024-08-26,2024-08-01
2024-08-31,,,,,,,,0.0,6498.0,6322.625,62.666666666666664,53.375,0.7876837179142065,,True,100.0,2024-08-26,2024-08-01
2024-09-01,,,,,,,,0.0,6498.0,6359.428571428572,62.666666666666664,52.857142857142854,0.8455059770388428,,True,100.0,2024-08-26,2024-09-01
2024-09-02,133.0,270.0,198.0,6192.0,129.0,6462.0,69.0,-1.268143621084794,6489.0,6408.428571428572,64.25,62.142857142857146,0.7701934625867618,65.15151515151516,True,100.0,2024-09-02,2024-09-01
2024-09-03,131.0,263.0,177.0,6272.0,112.0,6535.0,65.0,1.1296812132466805,6513.5,6446.428571428572,49.25,52.42857142857143,0.5989135769465058,63.2768361581921,True,100.0,2024-09-02,2024-09-01
2024-09-04,121.0,231.0,219.0,6375.0,114.0,6606.0,105.0,1.0864575363427775,6537.0,6494.0,64.5,65.85714285714286,0.5873416290416963,52.054794520547944,True,100.0,2024-09-02,2024-09-01
2024-09-05,126.0,230.0,175.0,6448.0,121.0,6678.0,54.0,1.089918256130784,6570.25,6539.285714285715,73.25,68.71428571428571,0.5512768614711434,69.14285714285714,True,100.0,2024-09-02,2024-09-01
2024-09-06,,,,,,,,0.0,6570.25,6539.285714285715,73.25,68.71428571428571,0.5512768614711434,,True,100.0,2024-09-02,2024-09-01
2024-09-07,,,,,,,,0.0,6570.25,6539.285714285715,73.25,68.71428571428571,0.5512768614711434,,True,100.0,2024-09-02,2024-09-01
2024-09-08,123.0,255.0,164.0,6312.0,221.0,6567.0,-57.0,-1.6621743036837389,6569.6,6542.75,47.2,53.0,0.8495300649454967,134.7560975609756,True,100.0,2024-09-02,2024-09-01
2024-09-09,144.0,275.0,190.0,6353.0,141.0,6628.0,49.0,0.928886858535094,6602.8,6552.222222222223,43.2,52.55555555555556,0.7937746885834448,74.21052631578947,True,100.0,2024-09-09,2024-09-01
2024-09-10,131.0,251.0,180.0,6396.0,148.0,6647.0,32.0,0.28666264333132574,6625.2,6575.555555555556,36.6,42.22222222222222,0.6769956755476875,82.22222222222221,True,92.60830637848031,2024-09-09,2024-09-01
2024-09-11,93.0,248.0,175.0,6410.0,162.0,6658.0,13.0,0.16548819016097838,6635.6,6591.777777777777,18.2,38.77777777777778,0.6909943781456325,92.57142857142857,True,87.79900059402269,2024-09-09,2024-09-01
2024-09-12,184.0,280.0,210.0,6360.0,220.0,6640.0,-10.0,-0.270351456893958,6628.0,6602.333333333333,5.4,35.55555555555556,0.7282024093425953,104.76190476190477,True,83.27701990603254,2024-09-09,2024-09-01
2024-09-13,81.0,200.0,212.0,6326.0,279.0,6526.0,-67.0,-1.7168674698795128,6611.0,6594.7,-6.666666666666667,25.3,0.8451572638463263,131.60377358490567,True,68.6798190208203,2024-09-09,2024-09-01
2024-09-14,,,,,,,,0.0,6611.0,6594.7,-6.666666666666667,25.3,0.8451572638463263,,True,68.6798190208203,2024-09-09,2024-09-01
2024-09-15,98.0,220.0,167.0,6234.0,210.0,6454.0,-43.0,-1.1032791909285966,6592.166666666667,6581.909090909091,-4.333333333333333,19.09090909090909,0.8621219437586173,125.74850299401197,True,59.80155024666283,2024-09-09,2024-09-01
2024-09-16,113.0,209.0,160.0,6229.0,164.0,6438.0,-4.0,-0.24790827393864623,6560.5,6579.727272727273,-13.166666666666666,12.454545454545455,0.8290575709953565,102.49999999999999,True,50.369411007689195,2024-09-16,2024-09-01
2024-09-17,159.0,304.0,139.0,6227.0,160.0,6531.0,-21.0,1.4445479962721386,6541.166666666667,6579.363636363636,-22.0,4.636363636363637,0.7962112432365621,115.10791366906474,True,39.26853883452519,2024-09-16,2024-09-01
2024-09-18,116.0,213.0,217.0,6245.0,149.0,6458.0,68.0,-1.1177461338233052,6507.833333333333,6565.909090909091,-12.833333333333334,1.2727272727272727,0.7022449451841173,68.66359447004609,True,34.42651673678574,2024-09-16,2024-09-01
2024-09-19,93.0,196.0,169.0,6270.0,188.0,6466.0,-19.0,0.12387736141219463,6478.833333333333,6546.636363636364,-14.333333333333334,-5.363636363636363,0.6553418840208588,111.24260355029585,False,32.52394444226988,2024-09-16,2024-09-01
2024-09-20,,,,,,,,0.0,6469.4,6546.636363636364,-3.8,-5.363636363636363,0.6553418840208588,,False,32.52394444226988,2024-09-16,2024-09-01
2024-09-21,,,,,,,,0.0,6469.4,6546.636363636364,-3.8,-5.363636363636363,0.6553418840208588,,False,32.52394444226988,2024-09-16,2024-09-01
2024-09-22,124.0,234.0,161.0,5989.0,197.0,6223.0,-36.0,-3.7581193937519353,6423.2,6515.363636363636,-2.4,-3.4545454545454546,0.6260678350558783,122.36024844720497,False,32.36858031512421,2024-09-16,2024-09-01
2024-09-23,92.0,203.0,173.0,6002.0,165.0,6205.0,8.0,-0.28924955809095376,6376.6,6476.909090909091,0.0,-7.181818181818182,0.574912963853132,95.37572254335261,False,32.17753663552359,2024-09-23,2024-09-01
2024-09-24,186.0,259.0,172.0,6023.0,143.0,6282.0,29.0,1.2409347300563978,6326.8,6443.727272727273,10.0,-7.454545454545454,0.5731255525074895,83.13953488372093,False,32.01268807038356,2024-09-23,2024-09-01
2024-09-25,154.0,225.0,220.0,6050.0,169.0,6275.0,51.0,-0.11142948105699046,6290.2,6408.909090909091,6.6,-4.0,0.6339234379058623,76.81818181818181,False,31.83970998696266,2024-09-23,2024-09-01
2024-09-26,91.0,199.0,172.0,6090.0,185.0,6289.0,-13.0,0.223107569721126,6254.8,6377.0,7.8,-4.2727272727272725,0.6379475408089478,107.55813953488371,False,31.68118438048554,2024-09-23,2024-09-01
2024-09-27,,,,,,,,0.0,6254.8,6362.1,7.8,2.0,0.5792277949949903,,True,34.44645645476716,2024-09-23,2024-09-01
2024-09-28,,,,,,,,0.0,6254.8,6362.1,7.8,2.0,0.5792277949949903,,True,34.44645645476716,2024-09-23,2024-09-01
2024-09-29,81.0,213.0,153.0,5925.0,177.0,6138.0,-24.0,-2.401017649864845,6237.8,6330.5,10.2,3.9,0.5481422335031918,115.68627450980394,True,36.98679748586196,2024-09-23,2024-09-01
2024-09-30,209.0,285.0,184.0,5967.0,138.0,6252.0,46.0,1.8572825024437911,6247.2,6311.9,17.8,8.9,0.585620749716414,75.0,True,43.99263159797278,2024-09-30,2024-09-01
2024-10-01,184.0,314.0,217.0,6040.0,137.0,6354.0,80.0,1.6314779270633295,6261.6,6294.2,28.0,19.0,0.6580118653717729,63.133640552995395,True,58.24314137443961,2024-09-30,2024-10-01
2024-10-02,107.0,215.0,230.0,6091.0,173.0,6306.0,57.0,-0.7554296506137814,6267.8,6279.0,29.2,17.9,0.6385663361943411,75.21739130434783,True,56.60601446236291,2024-09-30,2024-10-01
2024-10-03,101.0,162.0,178.0,6118.0,193.0,6280.0,-15.0,-0.4123057405645447,6266.0,6260.4,28.8,18.3,0.6342183200326275,108.42696629213484,True,57.08146810882921,2024-09-30,2024-10-01
2024-10-04,,,,,,,,0.0,6266.0,6260.4,28.8,18.3,0.6342183200326275,,True,57.08146810882921,2024-09-30,2024-10-01
2024-10-05,,,,,,,,0.0,6266.0,6260.4,28.8,18.3,0.6342183200326275,,True,57.08146810882921,2024-09-30,2024-10-01
2024-10-06,,,,,,,,0.0,6298.0,6264.555555555556,42.0,24.333333333333332,0.5895449453311333,,True,65.667322232147,2024-09-30,2024-10-01
2024-10-07,99.0,190.0,176.0,5968.0,153.0,6158.0,23.0,-1.942675159235674,6274.5,6259.333333333333,36.25,26.0,0.5821435300139067,86.93181818181817,True,68.00745790760116,2024-10-07,2024-10-01
2024-10-08,167.0,239.0,166.0,6013.0,123.0,6252.0,43.0,1.5264696329977179,6249.0,6256.0,27.0,27.555555555555557,0.5894909597606514,74.09638554216868,True,70.19923899803602,2024-10-07,2024-10-01
2024-10-09,115.0,216.0,169.0,6047.0,137.0,6263.0,32.0,0.175943698016634,6238.25,6254.666666666667,20.75,25.444444444444443,0.5739642595351687,81.06508875739645,True,67.19558043288494,2024-10-07,2024-10-01
2024-10-10,84.0,158.0,193.0,6075.0,159.0,6233.0,34.0,-0.4790036723614888,6226.5,6248.444444444444,33.0,30.666666666666668,0.5265529372190676,82.38341968911918,True,74.57838514428398,2024-10-07,2024-10-01
2024-10-11,,,,,,,,0.0,6226.5,6248.444444444444,33.0,30.666666666666668,0.5265529372190676,,True,74.57838514428398,2024-10-07,2024-10-01
2024-10-12,,,,,,,,0.0,6226.5,6248.444444444444,33.0,30.666666666666668,0.5265529372190676,,True,74.57838514428398,2024-10-07,2024-10-01
2024-10-13,130.0,227.0,192.0,5889.0,210.0,6116.0,-18.0,-1.8771057275790204,6204.4,6246.0,22.8,31.333333333333332,0.5074263205808617,109.375,True,75.51267300061696,2024-10-07,2024-10-01
2024-10-14,88.0,214.0,160.0,5935.0,106.0,6149.0,54.0,0.5395683453237377,6202.6,6234.555555555556,29.0,32.22222222222222,0.51749752443951,66.25,True,76.71772582358601,2024-10-14,2024-10-01
2024-10-15,113.0,208.0,159.0,6013.0,107.0,6221.0,52.0,1.170922101154659,6196.4,6219.777777777777,30.8,29.11111111111111,0.4529278246496943,67.29559748427673,True,72.22762680746753,2024-10-14,2024-10-01
2024-10-16,174.0,285.0,150.0,6036.0,129.0,6321.0,21.0,1.6074586079408482,6208.0,6221.444444444444,28.6,25.11111111111111,0.421176553286499,86.0,True,66.55731516312713,2024-10-14,2024-10-01
2024-10-17,104.0,230.0,206.0,6076.0,160.0,6306.0,46.0,-0.23730422401518902,6222.6,6224.333333333333,31.0,31.88888888888889,0.3550403345288905,77.66990291262135,True,76.19372544966498,2024-10-14,2024-10-01
2024-10-18,,,,,,,,0.0,6222.6,6224.333333333333,31.0,31.88888888888889,0.3550403345288905,,True,76.19372544966498,2024-10-14,2024-10-01
2024-10-19,,,,,,,,0.0,6222.6,6224.333333333333,31.0,31.88888888888889,0.3550403345288905,,True,76.19372544966498,2024-10-14,2024-10-01
2024-10-20,147.0,276.0,214.0,5918.0,195.0,6194.0,19.0,-1.776086267047261,6238.2,6221.3,38.4,30.6,0.3412463290437951,91.1214953271028,True,74.34888729186922,2024-10-14,2024-10-01
2024-10-21,108.0,220.0,213.0,5966.0,154.0,6186.0,59.0,-0.12915724895059544,6245.6,6224.1,39.4,34.2,0.366202123732264,72.30046948356808,True,79.47353033925809,2024-10-21,2024-10-01
2024-10-22,180.0,280.0,146.0,6043.0,109.0,6323.0,37.0,2.2146783058519137,6266.0,6231.2,36.4,33.6,0.36291025034666785,74.65753424657534,True,78.65701465941059,2024-10-21,2024-10-01
2024-10-23,134.0,294.0,186.0,6077.0,138.0,6371.0,48.0,0.7591333227898067,6276.0,6242.0,41.8,35.2,0.36926793890164494,74.19354838709677,True,80.98210616376683,2024-10-21,2024-10-01
2024-10-24,,,,,,,,0.0,6268.5,6243.0,40.75,35.333333333333336,0.39153953424892196,,True,81.1763605930248,2024-10-21,2024-10-01
2024-10-25,,,,,,,,0.0,6268.5,6243.0,40.75,35.333333333333336,0.39153953424892196,,True,81.1763605930248,2024-10-21,2024-10-01
2024-10-26,,,,,,,,0.0,6268.5,6243.0,40.75,35.333333333333336,0.39153953424892196,,True,81.1763605930248,2024-10-21,2024-10-01
2024-10-27,202.0,313.0,158.0,5974.0,192.0,6287.0,-34.0,-1.318474336838804,6291.75,6262.0,27.5,33.55555555555556,0.46263639885094154,121.51898734177216,True,78.74693479561672,2024-10-21,2024-10-01
2024-10-28,110.0,272.0,193.0,6008.0,156.0,6280.0,37.0,-0.11134086209638738,6315.25,6276.555555555556,22.0,31.666666666666668,0.44624678138202667,80.82901554404145,True,76.13769016650964,2024-10-28,2024-10-01
2024-10-29,166.0,277.0,229.0,6106.0,126.0,6383.0,103.0,1.6401273885350287,6330.25,6294.555555555556,38.5,37.333333333333336,0.5799750014172564,55.021834061135365,True,84.2717864557121,2024-10-28,2024-10-01
2024-10-30,136.0,276.0,178.0,6149.0,160.0,6425.0,18.0,0.6579978066739711,6343.75,6306.111111111111,31.0,37.0,0.5817828453901717,89.8876404494382,True,83.85597893002301,2024-10-28,2024-10-01
2024-10-31,87.0,246.0,173.0,6148.0,177.0,6394.0,-4.0,-0.4824902723735369,6353.8,6315.888888888889,24.0,31.444444444444443,0.6155136195302517,102.3121387283237,True,76.01762238133946,2024-10-28,2024-10-01
2024-11-01,,,,,,,,0.0,6353.8,6315.888888888889,24.0,31.444444444444443,0.6155136195302517,,True,76.01762238133946,2024-10-28,2024-11-01
2024-11-02,,,,,,,,0.0,6353.8,6315.888888888889,24.0,31.444444444444443,0.6155136195302517,,True,76.01762238133946,2024-10-28,2024-11-01
2024-11-03,84.0,171.0,157.0,5990.0,184.0,6161.0,-27.0,-3.6440412887081663,6328.6,6312.222222222223,25.4,26.333333333333332,0.6886382922139849,117.19745222929936,True,68.74342794336434,2024-10-28,2024-11-01
2024-11-04,167.0,209.0,157.0,6007.0,132.0,6216.0,25.0,0.8927122220418804,6315.8,6315.555555555556,23.0,22.555555555555557,0.6605378788239136,84.07643312101911,True,63.396873681120546,2024-11-04,2024-11-01
2024-11-05,109.0,245.0,159.0,6045.0,126.0,6290.0,33.0,1.1904761904761862,6297.2,6311.888888888889,9.0,22.11111111111111,0.6585119327000204,79.24528301886792,True,62.747702903944194,2024-11-04,2024-11-01
2024-11-06,156.0,256.0,176.0,6086.0,137.0,6342.0,39.0,0.8267090620031725,6280.6,6308.666666666667,13.2,21.11111111111111,0.6493892917944519,77.8409090909091,True,61.31204685112647,2024-11-04,2024-11-01
2024-11-07,125.0,232.0,192.0,6084.0,177.0,6316.0,15.0,-0.40996531062755803,6265.0,6309.4,17.0,20.5,0.6129446800558414,92.1875,True,60.44812745744191,2024-11-04,2024-11-01
2024-11-08,,,,,,,,0.0,6265.0,6309.4,17.0,20.5,0.6129446800558414,,True,60.44812745744191,2024-11-04,2024-11-01
2024-11-09,,,,,,,,0.0,6265.0,6309.4,17.0,20.5,0.6129446800558414,,True,60.44812745744191,2024-11-04,2024-11-01
2024-11-10,,,,,,,,0.0,6291.0,6311.888888888889,28.0,26.555555555555557,0.5646083085308131,,True,69.0572492475621,2024-11-04,2024-11-01
2024-11-11,118.0,139.0,168.0,5963.0,145.0,6102.0,23.0,-3.3882203926535737,6262.5,6292.111111111111,27.5,25.0,0.5630782236751859,86.30952380952381,True,66.75065125696274,2024-11-11,2024-11-01
2024-11-12,142.0,235.0,139.0,5975.0,138.0,6210.0,1.0,1.7699115044247815,6242.5,6272.888888888889,19.5,13.666666666666666,0.32757989105198,99.28057553956835,True,50.56581133204261,2024-11-11,2024-11-01
2024-11-13,148.0,245.0,175.0,5966.0,151.0,6211.0,24.0,0.016103059581329404,6209.75,6249.111111111111,15.75,14.333333333333334,0.33288964930910664,86.28571428571429,True,51.39411435745451,2024-11-11,2024-11-01
2024-11-14,119.0,219.0,210.0,6025.0,172.0,6244.0,38.0,0.5313154081468374,6191.75,6232.444444444444,21.5,19.0,0.3351269114452045,81.9047619047619,True,57.9363373690962,2024-11-11,2024-11-01
2024-11-15,,,,,,,,0.0,6191.75,6232.444444444444,21.5,19.0,0.3351269114452045,,True,57.9363373690962,2024-11-11,2024-11-01
2024-11-16,,,,,,,,0.0,6191.75,6232.444444444444,21.5,19.0,0.3351269114452045,,True,57.9363373690962,2024-11-11,2024-11-01
2024-11-17,105.0,210.0,149.0,5816.0,195.0,6026.0,-46.0,-3.49135169762973,6158.6,6217.444444444444,8.0,16.88888888888889,0.42397191609716756,130.8724832214765,True,54.86478227163634,2024-11-11,2024-11-01
2024-11-18,143.0,203.0,163.0,5819.0,138.0,6022.0,25.0,-0.06637902422834685,6142.6,6195.888888888889,8.4,16.88888888888889,0.4254469183696932,84.66257668711657,True,54.75769343205983,2024-11-18,2024-11-01
2024-11-19,119.0,209.0,152.0,5844.0,146.0,6053.0,6.0,0.5147791431418192,6111.2,6169.555555555556,9.4,13.88888888888889,0.4186443243412498,96.05263157894737,True,50.36792462444956,2024-11-18,2024-11-01
2024-11-20,155.0,212.0,181.0,5879.0,148.0,6091.0,33.0,0.6277878737815934,6087.2,6141.666666666667,11.2,13.222222222222221,0.40979629158235753,81.76795580110497,True,49.28293958665068,2024-11-18,2024-11-01
2024-11-21,109.0,214.0,173.0,5850.0,210.0,6064.0,-37.0,-0.44327696601543787,6051.2,6113.666666666667,-3.8,7.444444444444445,0.4936333086370316,121.38728323699422,True,40.9414242493635,2024-11-18,2024-11-01
2024-11-22,,,,,,,,0.0,6051.2,6113.666666666667,-3.8,7.444444444444445,0.4936333086370316,,True,40.9414242493635,2024-11-18,2024-11-01
2024-11-23,,,,,,,,0.0,6051.2,6113.666666666667,-3.8,7.444444444444445,0.4936333086370316,,True,40.9414242493635,2024-11-18,2024-11-01
2024-11-24,191.0,283.0,192.0,5664.0,207.0,5947.0,-15.0,-1.9294195250659674,6035.4,6097.0,2.4,5.2,0.4809742302107781,107.8125,True,37.672302696679374,2024-11-18,2024-11-01
2024-11-25,170.0,297.0,196.0,5715.0,129.0,6012.0,67.0,1.0929880612073228,6033.4,6088.0,10.8,9.6,0.5755112215764645,65.81632653061224,True,43.874041226316265,2024-11-25,2024-11-01
2024-11-26,152.0,272.0,214.0,5826.0,112.0,6098.0,102.0,1.4304723885562254,6042.4,6076.8,30.0,19.7,0.7459280158899332,52.336448598130836,True,58.15684325595436,2024-11-25,2024-11-01
2024-11-27,239.0,367.0,224.0,5862.0,211.0,6229.0,13.0,2.1482453263365064,6070.0,6078.6,26.0,18.6,0.7459954042096124,94.19642857142857,True,56.6041730060179,2024-11-25,2024-11-01
2024-11-28,113.0,280.0,237.0,5963.0,143.0,6243.0,94.0,0.224755177396041,6105.8,6078.5,52.2,24.2,0.8406806268175708,60.337552742616026,True,64.5537045950815,2024-11-25,2024-11-01
2024-11-29,,,,,,,,0.0,6105.8,6078.5,52.2,24.2,0.8406806268175708,,True,64.5537045950815,2024-11-25,2024-11-01
2024-11-30,,,,,,,,0.0,6105.8,6078.5,52.2,24.2,0.8406806268175708,,True,64.5537045950815,2024-11-25,2024-11-01
2024-12-01,196.0,306.0,187.0,5986.0,149.0,6292.0,38.0,0.7848790645522907,6174.8,6105.1,62.8,32.6,0.7337119585929132,79.67914438502673,True,76.61089702057403,2024-11-25,2024-12-01
2024-12-02,236.0,330.0,222.0,6061.0,115.0,6391.0,107.0,1.573426573426584,6250.6,6142.0,70.8,40.8,0.8206183799437315,51.80180180180181,True,88.43533066178284,2024-12-02,2024-12-01
2024-12-03,81.0,230.0,242.0,6192.0,107.0,6422.0,135.0,0.48505711156312525,6315.4,6178.9,77.4,53.7,0.9164980435656177,44.214876033057855,True,100.0,2024-12-02,2024-12-01
2024-12-04,118.0,245.0,160.0,6269.0,115.0,6514.0,45.0,1.4325755216443525,6372.4,6221.2,83.8,54.9,0.9044574711692929,71.875,True,100.0,2024-12-02,2024-12-01
2024-12-05,218.0,283.0,208.0,6310.0,150.0,6593.0,58.0,1.2127724900214965,6442.4,6274.1,76.6,64.4,0.7353333399170803,72.11538461538461,True,100.0,2024-12-02,2024-12-01
2024-12-06,,,,,,,,0.0,6442.4,6274.1,76.6,64.4,0.7353333399170803,,True,100.0,2024-12-02,2024-12-01
2024-12-07,,,,,,,,0.0,6442.4,6274.1,76.6,64.4,0.7353333399170803,,True,100.0,2024-12-02,2024-12-01
2024-12-08,132.0,243.0,183.0,6286.0,172.0,6529.0,11.0,-0.9707265281359012,6489.8,6332.3,71.2,67.0,0.6582336710659321,93.98907103825137,True,100.0,2024-12-02,2024-12-01
2024-12-09,224.0,315.0,152.0,6268.0,174.0,6583.0,-22.0,0.8270791851738402,6528.2,6389.4,45.4,58.1,0.7871392004686917,114.4736842105263,True,100.0,2024-12-09,2024-12-01
2024-12-10,167.0,326.0,213.0,6310.0,149.0,6636.0,64.0,0.8051040559015732,6571.0,6443.2,31.2,54.3,0.7448295196554675,69.95305164319248,True,100.0,2024-12-09,2024-12-01
2024-12-11,209.0,353.0,232.0,6402.0,152.0,6755.0,80.0,1.793248945147674,6619.2,6495.8,38.2,61.0,0.7116736828474961,65.51724137931035,True,100.0,2024-12-09,2024-12-01
2024-12-12,153.0,253.0,286.0,6481.0,194.0,6734.0,92.0,-0.31088082901554737,6647.4,6544.9,45.0,60.8,0.7039731099277561,67.83216783216784,True,100.0,2024-12-09,2024-12-01
2024-12-13,,,,,,,,0.0,6647.4,6544.9,45.0,60.8,0.7039731099277561,,True,100.0,2024-12-09,2024-12-01
2024-12-14,,,,,,,,0.0,6647.4,6544.9,45.0,60.8,0.7039731099277561,,True,100.0,2024-12-09,2024-12-01
2024-12-15,180.0,337.0,219.0,6408.0,224.0,6745.0,-5.0,0.16335016335016217,6690.6,6590.2,41.8,56.5,0.7625786549809368,102.28310502283105,True,100.0,2024-12-09,2024-12-01
2024-12-16,133.0,287.0,189.0,6454.0,149.0,6741.0,40.0,-0.05930318754633346,6722.2,6625.2,54.2,49.8,0.7115965484647776,78.83597883597884,True,100.0,2024-12-16,2024-12-01
2024-12-17,187.0,310.0,247.0,6506.0,151.0,6816.0,96.0,1.1125945705384943,6758.2,6664.6,60.6,45.9,0.6069603554912113,61.1336032388664,True,98.27183224605407,2024-12-16,2024-12-01
2024-12-18,168.0,285.0,210.0,6598.0,134.0,6883.0,76.0,0.9829812206572752,6783.8,6701.5,59.8,49.0,0.619978072605946,63.8095238095238,True,100.0,2024-12-16,2024-12-01
2024-12-19,269.0,412.0,204.0,6600.0,238.0,7012.0,-34.0,1.8741827691413526,6839.4,6743.4,34.6,39.8,0.7247609950750663,116.66666666666667,True,90.00346135865323,2024-12-16,2024-12-01
2024-12-20,,,,,,,,0.0,6839.4,6743.4,34.6,39.8,0.7247609950750663,,True,90.00346135865323,2024-12-16,2024-12-01
2024-12-21,,,,,,,,0.0,6839.4,6743.4,34.6,39.8,0.7247609950750663,,True,90.00346135865323,2024-12-16,2024-12-01
2024-12-22,100.0,255.0,236.0,6595.0,268.0,6850.0,-32.0,-2.310325156873927,6860.4,6775.5,29.2,35.5,0.7877414572075947,113.55932203389831,True,84.05844932147947,2024-12-16,2024-12-01
2024-12-23,205.0,294.0,177.0,6548.0,231.0,6842.0,-54.0,-0.11678832116788218,6880.6,6801.4,10.4,32.3,0.8522598704254588,130.5084745762712,True,79.6442481628647,2024-12-23,2024-12-01
2024-12-24,161.0,304.0,211.0,6622.0,155.0,6926.0,56.0,1.2277111955568465,6902.6,6830.4,2.4,31.5,0.8423091220221246,73.45971563981043,True,78.65260295054681,2024-12-23,2024-12-01
2024-12-25,57.0,162.0,193.0,6689.0,107.0,6851.0,86.0,-1.082876118971987,6896.2,6840.0,4.4,32.1,0.8497563786020617,55.44041450777202,True,79.55208488084973,2024-12-23,2024-12-01
2024-12-26,80.0,122.0,152.0,6707.0,135.0,6829.0,17.0,-0.3211210042329604,6859.6,6849.5,14.6,24.6,0.7919514271702085,88.81578947368422,True,68.95192179601406,2024-12-23,2024-12-01
2024-12-27,,,,,,,,0.0,6859.6,6849.5,14.6,24.6,0.7919514271702085,,True,68.95192179601406,2024-12-23,2024-12-01
2024-12-28,,,,,,,,0.0,6859.6,6849.5,14.6,24.6,0.7919514271702085,,True,68.95192179601406,2024-12-23,2024-12-01
2024-12-29,107.0,170.0,133.0,6465.0,216.0,6635.0,-83.0,-2.8408258895885163,6816.6,6838.5,4.4,16.8,0.9322097128686889,162.406015037594,True,57.824019534520986,2024-12-23,2024-12-01
2024-12-30,99.0,156.0,139.0,6454.0,177.0,6610.0,-38.0,-0.37678975131876236,6770.2,6825.4,7.6,9.0,0.9574081718164752,127.33812949640289,True,46.685684391234105,2024-12-30,2024-12-01
2024-12-31,,,,,,,,0.0,6731.25,6826.444444444444,-4.5,-0.6666666666666666,0.8973879976480985,,False,33.914041886088384,2024-12-30,2024-12-01
2025-01-01,25.0,66.0,94.0,6405.0,144.0,6471.0,-50.0,-2.1028744326777593,6636.25,6780.666666666667,-38.5,-14.666666666666666,0.8213551795538038,153.19148936170214,False,33.68661610307025,2024-12-30,2025-01-01
2025-01-02,35.0,70.0,53.0,6292.0,170.0,6362.0,-117.0,-1.6844382630196275,6519.5,6708.444444444444,-72.0,-23.88888888888889,0.9738874058832397,320.7547169811321,False,33.32781329005619,2024-12-30,2025-01-01
2025-01-03,,,,,,,,0.0,6519.5,6708.444444444444,-72.0,-23.88888888888889,0.9738874058832397,,False,33.32781329005619,2024-12-30,2025-01-01
2025-01-04,,,,,,,,0.0,6519.5,6708.444444444444,-72.0,-23.88888888888889,0.9738874058832397,,False,33.32781329005619,2024-12-30,2025-01-01
2025-01-05,43.0,73.0,64.0,5882.0,185.0,5955.0,-121.0,-6.397359320968254,6349.5,6609.0,-81.5,-33.77777777777778,1.1045486379407512,289.0625,False,32.833769416752226,2024-12-30,2025-01-01
2025-01-06,41.0,60.0,71.0,5769.0,190.0,5829.0,-119.0,-2.1158690176322437,6154.25,6496.444444444444,-101.75,-41.0,1.2048922509887297,267.6056338028169,False,32.27458903277802,2025-01-06,2025-01-01
2025-01-07,65.0,83.0,65.0,5703.0,133.0,5786.0,-68.0,-0.7376908560645101,6080.6,6369.777777777777,-95.0,-54.77777777777778,1.0908859241525546,204.61538461538458,False,31.645304099184134,2025-01-06,2025-01-01
2025-01-08,38.0,80.0,82.0,5605.0,184.0,5685.0,-102.0,-1.7455928102315887,5923.4,6240.222222222223,-105.4,-75.66666666666667,0.7411486750373834,224.39024390243904,False,31.0016670530697,2025-01-06,2025-01-01
2025-01-09,56.0,82.0,68.0,5507.0,164.0,5589.0,-96.0,-1.6886543535620024,5768.8,6102.444444444444,-101.2,-88.22222222222223,0.5023972555263907,241.17647058823528,False,30.31718168670442,2025-01-06,2025-01-01
2025-01-10,,,,,,,,0.0,5768.8,6102.444444444444,-101.2,-88.22222222222223,0.5023972555263907,,False,30.31718168670442,2025-01-06,2025-01-01
2025-01-11,,,,,,,,0.0,5768.8,6102.444444444444,-101.2,-88.22222222222223,0.5023972555263907,,False,30.31718168670442,2025-01-06,2025-01-01
2025-01-12,74.0,103.0,80.0,5092.0,235.0,5195.0,-155.0,-7.049561638933621,5616.8,5942.444444444444,-108.0,-96.22222222222223,0.6345651017549336,293.75,False,29.522295454796364,2025-01-06,2025-01-01
2025-01-13,68.0,107.0,102.0,5019.0,181.0,5126.0,-79.0,-1.3282001924927789,5476.2,5777.555555555556,-100.0,-100.77777777777777,0.5505974617870563,177.45098039215685,False,28.703121032468893,2025-01-13,2025-01-01
2025-01-14,92.0,124.0,93.0,4957.0,139.0,5081.0,-46.0,-0.877877487319545,5335.2,5707.9,-95.6,-95.3,0.606786400579986,149.46236559139786,False,28.357069519425025,2025-01-13,2025-01-01
2025-01-15,113.0,162.0,107.0,4903.0,164.0,5065.0,-57.0,-0.3148986419996058,5211.2,5567.3,-86.6,-96.0,0.604869801896162,153.27102803738316,False,27.658563243135823,2025-01-13,2025-01-01
2025-01-16,106.0,196.0,131.0,4881.0,159.0,5077.0,-28.0,0.23692003948667661,5108.8,5438.8,-73.0,-87.1,0.7146536368259572,121.3740458015267,False,27.020170238134668,2025-01-13,2025-01-01
2025-01-17,,,,,,,,0.0,5108.8,5438.8,-73.0,-87.1,0.7146536368259572,,False,27.020170238134668,2025-01-13,2025-01-01
2025-01-18,,,,,,,,0.0,5108.8,5438.8,-73.0,-87.1,0.7146536368259572,,False,27.020170238134668,2025-01-13,2025-01-01
2025-01-19,86.0,152.0,168.0,4628.0,176.0,4780.0,-8.0,-5.849911364979321,5025.8,5321.3,-43.6,-75.8,0.826951031134939,104.76190476190477,False,26.436425661577186,2025-01-13,2025-01-01
2025-01-20,84.0,118.0,136.0,4638.0,127.0,4756.0,9.0,-0.5020920502092019,4951.8,5214.0,-26.0,-63.0,0.9289513646576342,93.38235294117648,False,25.903355082303843,2025-01-20,2025-01-01
2025-01-21,59.0,64.0,117.0,4728.0,54.0,4792.0,63.0,0.7569386038688064,4894.0,5114.6,-4.2,-49.9,1.2236010903576953,46.15384615384615,False,25.409532010730963,2025-01-20,2025-01-01
2025-01-22,62.0,97.0,52.0,4717.0,83.0,4814.0,-31.0,0.45909849749583564,4843.8,5027.5,1.0,-42.8,1.1932077060123565,159.6153846153846,False,24.976815818236016,2025-01-20,2025-01-01
2025-01-23,91.0,75.0,97.0,4621.0,174.0,4696.0,-77.0,-2.451184046530952,4767.6,4938.2,-8.8,-40.9,1.182537392390543,179.3814432989691,False,24.53316994005233,2025-01-20,2025-01-01
2025-01-24,,,,,,,,0.0,4767.6,4938.2,-8.8,-40.9,1.182537392390543,,False,24.53316994005233,2025-01-20,2025-01-01
2025-01-25,,,,,,,,0.0,4767.6,4938.2,-8.8,-40.9,1.182537392390543,,False,24.53316994005233,2025-01-20,2025-01-01
2025-01-26,29.0,51.0,11.0,4241.0,182.0,4292.0,-171.0,-8.603066439523,4670.0,4847.9,-41.4,-42.5,1.2784698338499596,1654.5454545454547,False,24.084556022919216,2025-01-20,2025-01-01
2025-01-27,33.0,53.0,34.0,4161.0,127.0,4214.0,-93.0,-1.817334575955265,4561.6,4756.7,-61.8,-43.9,1.3253723835961495,373.5294117647059,False,23.631470870731626,2025-01-27,2025-01-01
2025-01-28,32.0,49.0,39.0,4096.0,101.0,4145.0,-62.0,-1.6373991457047987,4432.2,4663.1,-86.8,-45.5,1.3575882079322799,258.974358974359,False,23.16646242506541,2025-01-27,2025-01-01
2025-01-29,32.0,50.0,39.0,4036.0,99.0,4086.0,-60.0,-1.423401688781667,4286.6,4565.2,-92.6,-45.8,1.3881827895760477,253.84615384615384,False,22.680091411916667,2025-01-27,2025-01-01
2025-01-30,47.0,42.0,47.0,3923.0,159.0,3965.0,-112.0,-2.961331375428289,4140.4,4454.0,-99.6,-54.2,1.4875030457504226,338.2978723404255,False,22.12764548074057,2025-01-27,2025-01-01
2025-01-31,,,,,,,,0.0,4140.4,4454.0,-99.6,-54.2,1.4875030457504226,,False,22.12764548074057,2025-01-27,2025-01-01
2025-02-01,,,,,,,,0.0,4140.4,4454.0,-99.6,-54.2,1.4875030457504226,,False,22.12764548074057,2025-01-27,2025-02-01
2025-02-02,20.0,22.0,41.0,3483.0,168.0,3505.0,-127.0,-11.601513240857509,3983.0,4326.5,-90.8,-66.1,1.5648755554821223,409.7560975609756,False,21.494220514688834,2025-01-27,2025-02-01
2025-02-03,23.0,45.0,11.0,3403.0,102.0,3448.0,-91.0,-1.6262482168330927,3829.8,4195.7,-90.4,-76.1,1.4912856508873162,927.2727272727274,False,20.844401020103994,2025-02-03,2025-02-01
2025-02-04,34.0,54.0,29.0,3359.0,74.0,3413.0,-45.0,-1.0150812064965153,3683.4,4057.8,-87.0,-86.9,1.028860920215366,255.17241379310346,False,20.159308448978237,2025-02-03,2025-02-01
2025-02-05,26.0,36.0,36.0,3290.0,104.0,3326.0,-68.0,-2.5490770583064704,3531.4,3909.0,-88.6,-90.6,0.964093770683405,288.88888888888886,False,19.420064253303746,2025-02-03,2025-02-01
2025-02-06,25.0,32.0,27.0,3181.0,145.0,3213.0,-118.0,-3.397474443776305,3381.0,3760.7,-89.8,-94.7,1.0175819805879187,537.0370370370371,False,18.683304077103962,2025-02-03,2025-02-01
2025-02-07,,,,,,,,0.0,3381.0,3760.7,-89.8,-94.7,1.0175819805879187,,False,18.683304077103962,2025-02-03,2025-02-01
2025-02-08,,,,,,,,0.0,3381.0,3760.7,-89.8,-94.7,1.0175819805879187,,False,18.683304077103962,2025-02-03,2025-02-01
2025-02-09,15.0,13.0,23.0,2878.0,99.0,2891.0,-76.0,-10.02178649237473,3258.2,3620.6,-79.6,-85.2,0.7595063480454533,430.4347826086956,False,17.987281820289468,2025-02-03,2025-02-01
2025-02-10,16.0,18.0,15.0,2834.0,63.0,2852.0,-48.0,-1.3490141819439638,3139.0,3484.4,-71.0,-80.7,0.8516879718647973,420.0,False,17.310634915377737,2025-02-10,2025-02-01
2025-02-11,11.0,22.0,12.0,2799.0,50.0,2821.0,-38.0,-1.0869565217391353,3020.6,3352.0,-69.6,-78.3,0.9611628825495467,416.6666666666667,False,16.652866558473818,2025-02-10,2025-02-01
2025-02-12,16.0,20.0,20.0,2752.0,66.0,2772.0,-46.0,-1.7369727047146455,2909.8,3220.6,-65.2,-76.9,1.0366016770455926,330.0,False,16.000066240519324,2025-02-10,2025-02-01
2025-02-13,15.0,10.0,23.0,2703.0,72.0,2713.0,-49.0,-2.128427128427124,2809.8,3095.4,-51.4,-70.6,1.0317934561778979,313.04347826086956,False,15.37806776405127,2025-02-10,2025-02-01
2025-02-14,,,,,,,,0.0,2809.8,3095.4,-51.4,-70.6,1.0317934561778979,,False,15.37806776405127,2025-02-10,2025-02-01
2025-02-15,,,,,,,,0.0,2809.8,3095.4,-51.4,-70.6,1.0317934561778979,,False,15.37806776405127,2025-02-10,2025-02-01
2025-02-16,,,,,,,,0.0,2789.5,3049.8888888888887,-45.25,-64.33333333333333,0.8710466717116431,,False,15.151966791419644,2025-02-10,2025-02-01
2025-02-17,8.0,17.0,14.0,2532.0,15.0,2549.0,-1.0,-6.044968669369699,2713.75,2950.0,-33.5,-54.333333333333336,1.0750359921287622,107.14285714285714,False,14.655714900804822,2025-02-17,2025-02-01
2025-02-18,18.0,19.0,11.0,2536.0,9.0,2555.0,2.0,0.23538642604943316,2647.25,2854.6666666666665,-23.5,-49.111111111111114,1.2922647498272528,81.81818181818183,False,14.18209518762627,2025-02-17,2025-02-01
2025-02-19,12.0,17.0,17.0,2528.0,19.0,2545.0,-2.0,-0.3913894324853229,2590.5,2767.8888888888887,-12.5,-41.77777777777778,1.4146531344093511,111.76470588235294,False,13.75097980768169,2025-02-17,2025-02-01
2025-02-20,13.0,25.0,15.0,2520.0,32.0,2545.0,-17.0,0.0,2548.5,2693.6666666666665,-4.5,-30.555555555555557,1.0112679179358346,213.33333333333334,False,13.382240916768787,2025-02-17,2025-02-01
2025-02-21,,,,,,,,0.0,2548.5,2693.6666666666665,-4.5,-30.555555555555557,1.0112679179358346,,False,13.382240916768787,2025-02-17,2025-02-01
2025-02-22,,,,,,,,0.0,2548.5,2693.6666666666665,-4.5,-30.555555555555557,1.0112679179358346,,False,13.382240916768787,2025-02-17,2025-02-01
2025-02-23,7.0,16.0,8.0,2423.0,35.0,2439.0,-27.0,-4.165029469548132,2526.6,2643.4444444444443,-9.0,-25.11111111111111,0.8043635879357693,437.5,False,13.13273496064209,2025-02-17,2025-02-01
2025-02-24,20.0,22.0,14.0,2413.0,24.0,2435.0,-10.0,-0.16400164001639794,2503.8,2597.1111111111113,-10.8,-20.88888888888889,0.7653658688735375,171.42857142857142,False,12.902549155985382,2025-02-24,2025-02-01
2025-02-25,11.0,7.0,7.0,2413.0,23.0,2420.0,-16.0,-0.6160164271047264,2476.8,2552.5555555555557,-14.4,-18.444444444444443,0.7379093298003461,328.57142857142856,False,12.681195420572097,2025-02-24,2025-02-01
2025-02-26,12.0,21.0,1.0,2411.0,23.0,2432.0,-22.0,0.49586776859504855,2454.2,2514.777777777778,-18.4,-15.777777777777779,0.6330554819736978,2300.0,False,12.493513949149362,2025-02-24,2025-02-01
2025-02-27,10.0,15.0,17.0,2391.0,37.0,2406.0,-20.0,-1.0690789473684181,2426.4,2480.6666666666665,-19.0,-12.555555555555555,0.4150891854647016,217.6470588235294,False,12.324048620541184,2025-02-24,2025-02-01
2025-02-28,,,,,,,,0.0,2426.4,2480.6666666666665,-19.0,-12.555555555555555,0.4150891854647016,,False,12.324048620541184,2025-02-24,2025-02-01
2025-03-01,,,,,,,,0.0,2426.4,2480.6666666666665,-19.0,-12.555555555555555,0.4150891854647016,,False,12.324048620541184,2025-02-24,2025-03-01
2025-03-02,12.0,24.0,4.0,2297.0,31.0,2321.0,-27.0,-3.5328345802161265,2402.8,2464.7,-19.0,-14.0,0.43530590442188816,775.0,False,12.24472559864869,2025-02-24,2025-03-01
2025-03-03,8.0,29.0,18.0,2287.0,25.0,2316.0,-7.0,-0.21542438604049696,2379.0,2441.4,-18.4,-14.6,0.41241309189884107,138.88888888888889,False,12.128970291127082,2025-03-03,2025-03-01
2025-03-04,4.0,25.0,10.0,2272.0,30.0,2297.0,-20.0,-0.8203799654576849,2354.4,2415.6,-19.2,-16.8,0.3429314912404118,300.0,False,12.000794886231906,2025-03-03,2025-03-01
2025-03-05,5.0,20.0,4.0,2238.0,40.0,2258.0,-36.0,-1.6978667827601268,2319.6,2386.9,-22.0,-20.2,0.35647990927444095,1000.0,False,11.8582121683834,2025-03-03,2025-03-01
2025-03-06,7.0,27.0,6.0,2218.0,33.0,2245.0,-27.0,-0.5757307351638596,2287.4,2356.9,-23.4,-21.2,0.3681495615092437,550.0,False,11.709170999900639,2025-03-03,2025-03-01
2025-03-07,,,,,,,,0.0,2287.4,2356.9,-23.4,-21.2,0.3681495615092437,,False,11.709170999900639,2025-03-03,2025-03-01
2025-03-08,,,,,,,,0.0,2287.4,2356.9,-23.4,-21.2,0.3681495615092437,,False,11.709170999900639,2025-03-03,2025-03-01
2025-03-09,12.0,25.0,15.0,2137.0,30.0,2162.0,-15.0,-3.697104677060137,2255.6,2329.2,-21.0,-20.0,0.3698794431083054,200.0,False,11.571556321001555,2025-03-03,2025-03-01
2025-03-10,6.0,28.0,8.0,2125.0,23.0,2153.0,-15.0,-0.4162812210915856,2223.0,2301.0,-22.6,-20.5,0.3520238412348433,287.5,False,11.43145762262776,2025-03-10,2025-03-01
2025-03-11,3.0,11.0,7.0,2116.0,20.0,2127.0,-13.0,-1.207617278216444,2189.0,2271.7,-21.2,-20.2,0.36700851229442266,285.7142857142857,False,11.285894081409596,2025-03-10,2025-03-01
2025-03-12,6.0,18.0,2.0,2113.0,8.0,2131.0,-6.0,0.18805829807240215,2163.6,2241.6,-15.2,-18.6,0.4201756605388284,400.0,False,11.136356109031894,2025-03-10,2025-03-01
2025-03-13,4.0,20.0,9.0,2116.0,6.0,2136.0,3.0,0.2346316283434957,2141.8,2214.6,-9.2,-16.3,0.5235932994835548,66.66666666666666,False,11.002219057397408,2025-03-10,2025-03-01
2025-03-14,,,,,,,,0.0,2141.8,2214.6,-9.2,-16.3,0.5235932994835548,,False,11.002219057397408,2025-03-10,2025-03-01
2025-03-15,,,,,,,,0.0,2141.8,2214.6,-9.2,-16.3,0.5235932994835548,,False,11.002219057397408,2025-03-10,2025-03-01
2025-03-16,1.0,9.0,8.0,2117.0,5.0,2126.0,3.0,-0.46816479400748623,2134.6,2195.1,-5.6,-13.3,0.5637217635225265,62.5,False,10.905342297883616,2025-03-10,2025-03-01
2025-03-17,5.0,14.0,0.0,2111.0,8.0,2125.0,-8.0,-0.04703668861711918,2129.0,2176.0,-4.2,-13.4,0.566250737850344,,False,10.81045275394959,2025-03-17,2025-03-01
2025-03-18,19.0,34.0,6.0,2109.0,8.0,2143.0,-2.0,0.8470588235294008,2132.2,2160.6,-2.0,-11.6,0.5814464259625981,133.33333333333331,False,10.73394495412844,2025-03-17,2025-03-01
2025-03-19,6.0,22.0,14.0,2119.0,9.0,2141.0,5.0,-0.09332711152589823,2134.2,2148.9,0.2,-7.5,0.4736820849302977,64.28571428571429,False,10.675818898420165,2025-03-17,2025-03-01
2025-03-20,9.0,20.0,11.0,2124.0,7.0,2144.0,4.0,0.14012143858010973,2135.8,2138.8,0.4,-4.4,0.37804622163094376,63.63636363636363,False,10.625641705030969,2025-03-17,2025-03-01
2025-03-21,,,,,,,,0.0,2135.8,2138.8,0.4,-4.4,0.37804622163094376,,False,10.625641705030969,2025-03-17,2025-03-01
2025-03-22,,,,,,,,0.0,2135.8,2138.8,0.4,-4.4,0.37804622163094376,,False,10.625641705030969,2025-03-17,2025-03-01
2025-03-23,15.0,29.0,9.0,2136.0,2.0,2165.0,7.0,0.9794776119403048,2143.6,2139.1,1.2,-2.2,0.3679671423967764,22.22222222222222,False,10.627132116715794,2025-03-17,2025-03-01
2025-03-24,7.0,13.0,11.0,2139.0,7.0,2152.0,4.0,-0.6004618937644368,2149.0,2139.0,3.6,-0.3,0.31014899763225845,63.63636363636363,False,10.626635312820852,2025-03-24,2025-03-01
2025-03-25,12.0,19.0,7.0,2145.0,6.0,2164.0,1.0,0.5576208178438735,2153.2,2142.7,4.2,1.1,0.2291116387478938,85.71428571428571,True,12.206629776979154,2025-03-24,2025-03-01
2025-03-26,9.0,21.0,15.0,2159.0,2.0,2180.0,13.0,0.7393715341959428,2161.0,2147.6,5.8,3.0,0.25598222050140457,13.333333333333334,True,14.928304229727987,2025-03-24,2025-03-01
2025-03-27,1.0,19.0,13.0,2159.0,2.0,2178.0,11.0,-0.09174311926605228,2167.8,2151.8,7.2,3.8,0.2812356964502707,15.384615384615385,True,16.0848883351668,2025-03-24,2025-03-01
2025-03-28,,,,,,,,0.0,2167.8,2151.8,7.2,3.8,0.2812356964502707,,True,16.0848883351668,2025-03-24,2025-03-01
2025-03-29,,,,,,,,0.0,2167.8,2151.8,7.2,3.8,0.2812356964502707,,True,16.0848883351668,2025-03-24,2025-03-01
2025-03-30,9.0,20.0,5.0,2188.0,2.0,2208.0,3.0,1.377410468319562,2176.4,2160.0,6.4,3.8,0.28016804241745025,40.0,True,16.125626254552085,2025-03-24,2025-03-01
2025-03-31,9.0,25.0,8.0,2193.0,5.0,2218.0,3.0,0.45289855072463414,2189.6,2169.3,6.2,4.9,0.2055248307855165,62.5,True,17.733441736827167,2025-03-31,2025-03-01
2025-04-01,17.0,36.0,7.0,2191.0,12.0,2227.0,-5.0,0.4057709648331853,2202.2,2177.7,5.0,4.6,0.23132828809972866,171.42857142857142,True,17.349278885808133,2025-03-31,2025-04-01
2025-04-02,5.0,31.0,16.0,2208.0,3.0,2239.0,13.0,0.5388414907947947,2214.0,2187.5,5.0,5.4,0.26056697294984166,18.75,True,18.53368400936372,2025-03-31,2025-04-01
2025-04-03,12.0,26.0,18.0,2223.0,8.0,2249.0,10.0,0.44662795891021734,2228.2,2198.0,4.8,6.0,0.26614996625384474,44.44444444444444,True,19.437637174721104,2025-03-31,2025-04-01
2025-04-04,,,,,,,,0.0,2228.2,2198.0,4.8,6.0,0.26614996625384474,,True,19.437637174721104,2025-03-31,2025-04-01
2025-04-05,,,,,,,,0.0,2228.2,2198.0,4.8,6.0,0.26614996625384474,,True,19.437637174721104,2025-03-31,2025-04-01
2025-04-06,7.0,14.0,7.0,2234.0,11.0,2248.0,-4.0,-0.04446420631392112,2236.2,2206.3,3.4,4.9,0.3002325308143843,157.14285714285714,True,17.91725917795591,2025-03-31,2025-04-01
2025-04-07,12.0,22.0,9.0,2237.0,5.0,2259.0,4.0,0.48932384341637825,2244.4,2217.0,3.6,4.9,0.2987835059701291,55.55555555555556,True,17.97041719471476,2025-04-07,2025-04-01
2025-04-08,12.0,34.0,12.0,2243.0,9.0,2277.0,3.0,0.7968127490039834,2254.4,2228.3,5.2,5.1,0.292716880481904,75.0,True,18.310485620306068,2025-04-07,2025-04-01
2025-04-09,6.0,19.0,10.0,2251.0,5.0,2270.0,5.0,-0.30742204655248573,2260.6,2237.3,3.6,4.3,0.2640514099626725,50.0,True,17.219479628999675,2025-04-07,2025-04-01
2025-04-10,18.0,25.0,17.0,2265.0,6.0,2290.0,11.0,0.8810572687224738,2268.8,2248.5,3.8,4.3,0.26273614387791294,35.294117647058826,True,17.27512166523324,2025-04-07,2025-04-01
2025-04-11,8.0,22.0,8.0,2267.0,9.0,2289.0,-1.0,-0.04366812227074579,2272.1666666666665,2252.181818181818,3.0,3.8181818181818183,0.2587638732150472,112.5,True,16.60940089820482,2025-04-07,2025-04-01
2025-04-12,,,,,,,,0.0,2272.1666666666665,2252.181818181818,3.0,3.8181818181818183,0.2587638732150472,,True,16.60940089820482,2025-04-07,2025-04-01
2025-04-13,5.0,26.0,10.0,2283.0,3.0,2309.0,7.0,0.8737439930100566,2282.3333333333335,2261.3636363636365,4.833333333333333,4.181818181818182,0.2607307146132764,30.0,True,17.17125213849101,2025-04-07,2025-04-01
2025-04-14,5.0,26.0,9.0,2282.0,13.0,2308.0,-4.0,-0.04330879168471524,2290.5,2269.5454545454545,3.5,3.5454545454545454,0.28169421192501926,144.44444444444443,True,16.308487412513745,2025-04-14,2025-04-01
2025-04-15,4.0,19.0,12.0,2286.0,7.0,2305.0,5.0,-0.12998266897746857,2295.1666666666665,2276.6363636363635,3.8333333333333335,4.454545454545454,0.2518397038501291,58.333333333333336,True,17.634304349895146,2025-04-14,2025-04-01
2025-04-16,11.0,30.0,5.0,2291.0,8.0,2321.0,-3.0,0.694143167028205,2303.6666666666665,2284.090909090909,2.5,3.0,0.23495400838198466,160.0,True,15.606396382334097,2025-04-14,2025-04-01
2025-04-17,7.0,26.0,10.0,2288.0,14.0,2314.0,-4.0,-0.30159414045669575,2307.6666666666665,2290.0,0.0,1.7272727272727273,0.22698260587500707,140.0,True,13.828928341362854,2025-04-14,2025-04-01
2025-04-18,,,,,,,,0.0,2311.4,2290.0,0.2,1.7272727272727273,0.22698260587500707,,True,13.828928341362854,2025-04-14,2025-04-01
2025-04-19,,,,,,,,0.0,2311.4,2290.0,0.2,1.7272727272727273,0.22698260587500707,,True,13.828928341362854,2025-04-14,2025-04-01
2025-04-20,4.0,15.0,6.0,2305.0,4.0,2320.0,2.0,0.2592912705272177,2313.6,2296.5454545454545,-0.8,2.272727272727273,0.2107179541621524,66.66666666666666,True,14.635799829384924,2025-04-14,2025-04-01
2025-04-21,10.0,25.0,5.0,2308.0,6.0,2333.0,-1.0,0.5603448275862011,2318.6,2303.2727272727275,-0.2,1.8181818181818181,0.21253526222167668,120.0,True,14.023926669901957,2025-04-21,2025-04-01
2025-04-22,7.0,19.0,14.0,2305.0,17.0,2324.0,-3.0,-0.385769395627944,2322.4,2307.5454545454545,-1.8,1.2727272727272727,0.22019759070994907,121.42857142857142,True,13.270800330514575,2025-04-21,2025-04-01
2025-04-23,3.0,23.0,4.0,2300.0,11.0,2323.0,-7.0,-0.0430292598967319,2322.8,2312.3636363636365,-2.6,0.18181818181818182,0.2367233661604312,275.0,True,11.7460304156556,2025-04-21,2025-04-01
2025-04-24,3.0,9.0,7.0,2294.0,13.0,2303.0,-6.0,-0.860955660783469,2320.6,2313.5454545454545,-3.0,-1.3636363636363635,0.19064811144959376,185.71428571428572,False,11.493783929447824,2025-04-21,2025-04-01
2025-04-25,,,,,,,,0.0,2320.6,2316.0,-3.0,-1.4,0.2006727122386199,,False,11.505978206869141,2025-04-21,2025-04-01
2025-04-26,,,,,,,,0.0,2320.6,2316.0,-3.0,-1.4,0.2006727122386199,,False,11.505978206869141,2025-04-21,2025-04-01
2025-04-27,9.0,40.0,12.0,2301.0,4.0,2341.0,8.0,1.6500217108119886,2324.8,2319.2,-1.8,-1.3,0.20932007283824403,33.33333333333333,False,11.521875931507301,2025-04-21,2025-04-01
2025-04-28,6.0,26.0,12.0,2307.0,8.0,2333.0,4.0,-0.34173430158052076,2324.8,2321.7,-0.8,-0.5,0.2160761072100269,66.66666666666666,False,11.534296028880865,2025-04-28,2025-04-01
2025-04-29,11.0,25.0,11.0,2304.0,15.0,2329.0,-4.0,-0.17145306472353683,2325.8,2324.1,-1.0,-1.4,0.20303588048910448,136.36363636363635,False,11.546219322359486,2025-04-28,2025-04-01
2025-04-30,7.0,34.0,9.0,2309.0,12.0,2343.0,-3.0,0.6011163589523472,2329.8,2326.3,-0.2,-1.4,0.20284386787805855,133.33333333333331,False,11.557149008048222,2025-04-28,2025-04-01
2025-05-01,13.0,32.0,14.0,2306.0,16.0,2338.0,-2.0,-0.21340162185232714,2336.8,2328.7,0.6,-1.2,0.19916722784863472,114.28571428571428,False,11.569072301526843,2025-04-28,2025-05-01
2025-05-02,,,,,,,,0.0,2336.8,2328.7,0.6,-1.2,0.19916722784863472,,False,11.569072301526843,2025-04-28,2025-05-01
2025-05-03,,,,,,,,0.0,2336.8,2328.7,0.6,-1.2,0.19916722784863472,,False,11.569072301526843,2025-04-28,2025-05-01
2025-05-04,9.0,31.0,10.0,2335.0,5.0,2366.0,5.0,1.1976047904191711,2341.8,2333.3,0.0,-0.9,0.21232739043106985,50.0,False,11.591925280694202,2025-04-28,2025-05-01
2025-05-05,15.0,44.0,20.0,2331.0,17.0,2375.0,3.0,0.3803888419273038,2350.2,2337.5,-0.2,-0.5,0.2183728032956413,85.0,False,11.612791044281787,2025-05-05,2025-05-01
2025-05-06,10.0,33.0,16.0,2339.0,16.0,2372.0,0.0,-0.1263157894736855,2358.8,2342.3,0.6,-0.2,0.21469521029913738,100.0,False,11.63663763123903,2025-05-05,2025-05-01
2025-05-07,10.0,30.0,15.0,2335.0,10.0,2365.0,5.0,-0.295109612141653,2363.2,2346.5,2.2,1.0,0.19786047698241044,66.66666666666666,True,13.07715132214064,2025-05-05,2025-05-01
2025-05-08,15.0,24.0,16.0,2361.0,11.0,2385.0,5.0,0.8456659619450413,2372.6,2354.7,3.6,2.1,0.17273904345375832,68.75,True,14.679501961571356,2025-05-05,2025-05-01
2025-05-09,,,,,,,,0.0,2372.6,2354.7,3.6,2.1,0.17273904345375832,,True,14.679501961571356,2025-05-05,2025-05-01
2025-05-10,,,,,,,,0.0,2372.6,2354.7,3.6,2.1,0.17273904345375832,,True,14.679501961571356,2025-05-05,2025-05-01
2025-05-11,15.0,20.0,12.0,2385.0,3.0,2405.0,9.0,0.8385744234800763,2380.4,2361.1,4.4,2.2,0.17946718147824542,25.0,True,14.853262203579082,2025-05-05,2025-05-01
2025-05-12,7.0,33.0,14.0,2392.0,7.0,2425.0,7.0,0.8316008316008316,2390.4,2370.3,5.2,2.5,0.18893570212683117,50.0,True,15.324862540108002,2025-05-12,2025-05-01
2025-05-13,18.0,29.0,12.0,2394.0,11.0,2423.0,1.0,-0.08247422680411898,2400.6,2379.7,5.4,3.0,0.16454931468199208,91.66666666666666,True,16.081386069889614,2025-05-12,2025-05-01
2025-05-14,7.0,30.0,14.0,2394.0,11.0,2424.0,3.0,0.04127115146512761,2412.4,2387.8,5.0,3.6,0.13847722330317436,78.57142857142857,True,16.973415941768376,2025-05-12,2025-05-01
2025-05-15,15.0,31.0,14.0,2410.0,14.0,2441.0,0.0,0.7013201320132056,2423.6,2398.1,4.0,3.8,0.12401322170700205,100.0,True,17.308516328410263,2025-05-12,2025-05-01
2025-05-16,,,,,,,,0.0,2423.6,2398.1,4.0,3.8,0.12401322170700205,,True,17.308516328410263,2025-05-12,2025-05-01
2025-05-17,,,,,,,,0.0,2423.6,2398.1,4.0,3.8,0.12401322170700205,,True,17.308516328410263,2025-05-12,2025-05-01
2025-05-18,13.0,28.0,14.0,2437.0,9.0,2465.0,5.0,0.9832036050798854,2435.6,2408.0,3.2,3.8,0.12350336668420332,64.28571428571429,True,17.357699914009572,2025-05-12,2025-05-01
2025-05-19,7.0,27.0,17.0,2457.0,6.0,2484.0,11.0,0.7707910750507141,2447.4,2418.9,4.0,4.6,0.15369899258436898,35.294117647058826,True,18.547569880409533,2025-05-19,2025-05-01
2025-05-20,,,,,,,,0.0,2453.5,2424.1111111111113,4.75,5.111111111111111,0.1464954559699403,,True,19.29905671289537,2025-05-19,2025-05-01
2025-05-21,14.0,62.0,13.0,2467.0,18.0,2529.0,-5.0,1.8115942028985588,2479.75,2442.3333333333335,2.75,4.0,0.2005860305267003,138.46153846153845,True,17.81219883673598,2025-05-19,2025-05-01
2025-05-22,18.0,36.0,17.0,2473.0,15.0,2509.0,2.0,-0.7908264136022192,2496.75,2456.1111111111113,3.25,3.6666666666666665,0.20049699211969846,88.23529411764706,True,17.40743139760117,2025-05-19,2025-05-01
2025-05-23,,,,,,,,0.0,2496.75,2456.1111111111113,3.25,3.6666666666666665,0.20049699211969846,,True,17.40743139760117,2025-05-19,2025-05-01
2025-05-24,,,,,,,,0.0,2496.75,2456.1111111111113,3.25,3.6666666666666665,0.20049699211969846,,True,17.40743139760117,2025-05-19,2025-05-01
2025-05-25,,,,,,,,0.0,2507.3333333333335,2462.5,2.6666666666666665,3.0,0.19535847124550768,,True,16.492739694902035,2025-05-19,2025-05-01
2025-05-26,,,,,,,,0.0,,2467.8571428571427,,2.4285714285714284,0.1983144359824219,,True,15.708126802237368,2025-05-26,2025-05-01
2025-05-27,6.0,24.0,7.0,2504.0,11.0,2528.0,-4.0,0.757273814268622,2522.0,2482.8571428571427,-2.3333333333333335,1.7142857142857142,0.22025128070498565,157.14285714285714,True,14.768613152683017,2025-05-26,2025-05-01
2025-05-28,12.0,39.0,12.0,2499.0,14.0,2538.0,-2.0,0.39556962025315556,2525.0,2499.1428571428573,-1.3333333333333333,1.0,0.2239815353190861,116.66666666666667,True,13.835486981777928,2025-05-26,2025-05-01
2025-05-29,13.0,38.0,15.0,2506.0,11.0,2544.0,4.0,0.23640661938533203,2536.6666666666665,2513.8571428571427,-0.6666666666666666,1.5714285714285714,0.22602922999762323,73.33333333333333,True,14.719815513356055,2025-05-26,2025-05-01
2025-05-30,,,,,,,,0.0,2536.6666666666665,2513.8571428571427,-0.6666666666666666,1.5714285714285714,0.22602922999762323,,True,14.719815513356055,2025-05-26,2025-05-01
2025-05-31,,,,,,,,0.0,2536.6666666666665,2513.8571428571427,-0.6666666666666666,1.5714285714285714,0.22602922999762323,,True,14.719815513356055,2025-05-26,2025-05-01
2025-06-01,8.0,24.0,16.0,2528.0,12.0,2552.0,4.0,0.3144654088050425,2540.5,2526.285714285714,0.5,1.4285714285714286,0.22140660428004133,75.0,True,14.578754293539767,2025-05-26,2025-06-01
2025-06-02,10.0,19.0,5.0,2518.0,16.0,2537.0,-11.0,-0.5877742946708508,2539.8,2533.8571428571427,-1.8,-1.7142857142857142,0.21701766644248568,320.0,False,12.588300977993953,2025-06-02,2025-06-01
2025-06-03,5.0,23.0,11.0,2519.0,15.0,2542.0,-4.0,0.19708316909736734,2542.6,2534.875,-1.8,-2.0,0.20335314987533853,136.36363636363635,False,12.593357731924618,2025-06-02,2025-06-01
2025-06-04,4.0,16.0,9.0,2516.0,16.0,2532.0,-7.0,-0.3933910306844979,2541.4,2535.25,-2.8,-2.25,0.21162536191927303,177.77777777777777,False,12.595220746530652,2025-06-02,2025-06-01
2025-06-05,8.0,26.0,5.0,2503.0,21.0,2529.0,-16.0,-0.11848341232227888,2538.4,2537.75,-6.8,-4.5,0.27137584290223726,420.0,False,12.607640843904216,2025-06-02,2025-06-01
2025-06-06,,,,,,,,0.0,2538.4,2537.75,-6.8,-4.5,0.27137584290223726,,False,12.607640843904216,2025-06-02,2025-06-01
2025-06-07,,,,,,,,0.0,2538.4,2537.75,-6.8,-4.5,0.27137584290223726,,False,12.607640843904216,2025-06-02,2025-06-01
2025-06-08,10.0,16.0,15.0,2507.0,13.0,2523.0,2.0,-0.23724792408066353,2532.6,2536.1111111111113,-7.2,-3.7777777777777777,0.267994942003478,86.66666666666667,False,12.599498780070437,2025-06-02,2025-06-01
2025-06-09,8.0,21.0,14.0,2516.0,9.0,2537.0,5.0,0.5548949663099378,2532.6,2536.2,-4.0,-2.9,0.27534553444837384,64.28571428571429,False,12.599940383532605,2025-06-09,2025-06-01
2025-06-10,17.0,28.0,7.0,2511.0,12.0,2539.0,-5.0,0.07883326763893361,2532.0,2537.3,-4.2,-3.0,0.27619642982203796,171.42857142857142,False,12.605405226376975,2025-06-09,2025-06-01
2025-06-11,,,,,,,,0.0,2532.0,2537.222222222222,-3.5,-3.111111111111111,0.292591076654016,,False,12.605018823347574,2025-06-09,2025-06-01
2025-06-12,,,,,,,,0.0,2533.0,2536.375,0.6666666666666666,-4.0,0.29201363355885496,,False,12.600809790348755,2025-06-09,2025-06-01
2025-06-13,,,,,,,,0.0,2533.0,2536.375,0.6666666666666666,-4.0,0.29201363355885496,,False,12.600809790348755,2025-06-09,2025-06-01
2025-06-14,,,,,,,,0.0,2533.0,2536.375,0.6666666666666666,-4.0,0.29201363355885496,,False,12.600809790348755,2025-06-09,2025-06-01
2025-06-15,,,,,,,,0.0,,2534.1428571428573,,-5.142857142857143,0.28403620839483384,,False,12.589720417693789,2025-06-09,2025-06-01
2025-06-16,,,,,,,,0.0,,2533.6666666666665,,-4.166666666666667,,,False,12.587354684860728,2025-06-16,2025-06-01
2025-06-17,7.0,24.0,10.0,2523.0,14.0,2547.0,-4.0,0.3150846790074935,,2534.5,,-4.166666666666667,,140.0,False,12.591494717318582,2025-06-16,2025-06-01
2025-06-18,,,,,,,,0.0,,2535.0,,-3.6,,,False,12.593978736793296,2025-06-16,2025-06-01
2025-06-19,8.0,19.0,7.0,2501.0,18.0,2520.0,-11.0,-1.0600706713780883,,2533.2,,-2.6,,257.14285714285717,False,12.58503626668433,2025-06-16,2025-06-01
2025-06-20,,,,,,,,0.0,,2533.2,,-2.6,,,False,12.58503626668433,2025-06-16,2025-06-01
2025-06-21,,,,,,,,0.0,,2533.2,,-2.6,,,False,12.58503626668433,2025-06-16,2025-06-01
2025-06-22,7.0,13.0,5.0,2508.0,7.0,2521.0,-2.0,0.03968253968253954,2529.3333333333335,2532.8,-5.666666666666667,-3.4,,140.0,False,12.583049051104561,2025-06-16,2025-06-01
2025-06-23,3.0,15.0,5.0,2495.0,17.0,2510.0,-12.0,-0.4363347877826218,2524.5,2527.4,-7.25,-6.8,,340.0,False,12.556221640777663,2025-06-23,2025-06-01
2025-06-24,5.0,20.0,5.0,2489.0,16.0,2509.0,-11.0,-0.03984063745019473,2515.0,2521.4,-9.0,-8.0,,320.0,False,12.52641340708111,2025-06-23,2025-06-01
2025-06-25,6.0,12.0,2.0,2470.0,24.0,2482.0,-22.0,-1.0761259465922657,2508.4,2514.8333333333335,-11.6,-10.333333333333334,,1200.0,False,12.493789951313218,2025-06-23,2025-06-01
2025-06-26,3.0,9.0,7.0,2447.0,35.0,2456.0,-28.0,-1.0475423045930743,2495.6,2506.4285714285716,-15.0,-12.857142857142858,0.37030050432094425,500.0,False,12.452034766809716,2025-06-23,2025-06-01
2025-06-27,,,,,,,,0.0,2495.6,2506.4285714285716,-15.0,-12.857142857142858,0.37030050432094425,,False,12.452034766809716,2025-06-23,2025-06-01
2025-06-28,,,,,,,,0.0,2495.6,2506.4285714285716,-15.0,-12.857142857142858,0.37030050432094425,,False,12.452034766809716,2025-06-23,2025-06-01
2025-06-29,5.0,17.0,7.0,2413.0,20.0,2430.0,-13.0,-1.0586319218241047,2477.4,2496.875,-17.2,-12.875,0.3441493411365819,285.7142857142857,False,12.404572251846453,2025-06-23,2025-06-01
2025-06-30,9.0,22.0,8.0,2407.0,16.0,2429.0,-8.0,-0.04115226337448874,2461.2,2489.3333333333335,-16.4,-12.333333333333334,0.3294299571542608,200.0,False,12.367104958102871,2025-06-30,2025-06-01
2025-07-01,7.0,14.0,6.0,2391.0,22.0,2405.0,-16.0,-0.9880609304240395,2440.4,2473.5555555555557,-17.4,-13.666666666666666,0.30855052938242755,366.66666666666663,False,12.288720343567492,2025-06-30,2025-07-01
2025-07-02,8.0,20.0,9.0,2373.0,38.0,2393.0,-29.0,-0.498960498960499,2422.6,2465.5,-18.8,-15.2,0.3519333609901192,422.22222222222223,False,12.248700029808234,2025-06-30,2025-07-01
2025-07-03,,,,,,,,0.0,2414.25,2459.4444444444443,-16.5,-15.666666666666666,0.3687490723400195,,False,12.218615793947823,2025-06-30,2025-07-01
2025-07-04,,,,,,,,0.0,2414.25,2459.4444444444443,-16.5,-15.666666666666666,0.3687490723400195,,False,12.218615793947823,2025-06-30,2025-07-01
2025-07-05,,,,,,,,0.0,2414.25,2459.4444444444443,-16.5,-15.666666666666666,0.3687490723400195,,False,12.218615793947823,2025-06-30,2025-07-01
2025-07-06,4.0,17.0,2.0,2332.0,8.0,2349.0,-6.0,-1.8386961972419513,2394.0,2440.3333333333335,-14.75,-16.11111111111111,0.3437298055500395,400.0,False,12.123671049581029,2025-06-30,2025-07-01
2025-07-07,3.0,18.0,8.0,2317.0,20.0,2335.0,-12.0,-0.5959982971477262,2370.5,2420.8888888888887,-15.75,-16.11111111111111,0.3464906241644721,250.0,False,12.02707029223109,2025-07-07,2025-07-01
2025-07-08,5.0,16.0,8.0,2306.0,20.0,2322.0,-12.0,-0.5567451820128522,2349.75,2400.1111111111113,-14.75,-16.22222222222222,0.3465806133086062,250.0,False,11.923845482948586,2025-07-07,2025-07-01
2025-07-09,2.0,18.0,0.0,2281.0,32.0,2299.0,-32.0,-0.9905254091300608,2326.25,2379.777777777778,-15.5,-17.333333333333332,0.409028156236252,,False,11.822828690976937,2025-07-07,2025-07-01
2025-07-10,2.0,12.0,3.0,2252.0,39.0,2264.0,-36.0,-1.5224010439321423,2313.8,2358.4444444444443,-19.6,-18.22222222222222,0.47061949257808133,1300.0,False,11.716843860055862,2025-07-07,2025-07-01
2025-07-11,,,,,,,,0.0,2313.8,2358.4444444444443,-19.6,-18.22222222222222,0.47061949257808133,,False,11.716843860055862,2025-07-07,2025-07-01
2025-07-12,,,,,,,,0.0,2313.8,2358.4444444444443,-19.6,-18.22222222222222,0.47061949257808133,,False,11.716843860055862,2025-07-07,2025-07-01
2025-07-13,1.0,13.0,4.0,2204.0,10.0,2217.0,-6.0,-2.075971731448767,2287.4,2334.777777777778,-19.6,-17.444444444444443,0.5027406899059802,250.0,False,11.599266938252796,2025-07-07,2025-07-01
2025-07-14,2.0,9.0,1.0,2181.0,26.0,2190.0,-25.0,-1.2178619756427644,2258.4,2308.222222222222,-22.2,-19.333333333333332,0.49348739650062506,2600.0,False,11.467337903929167,2025-07-14,2025-07-01
2025-07-15,0.0,8.0,5.0,2171.0,17.0,2179.0,-12.0,-0.5022831050228271,2229.8,2283.1111111111113,-22.2,-18.88888888888889,0.5086468029485034,340.0,False,11.342584925865818,2025-07-14,2025-07-01
2025-07-16,1.0,9.0,0.0,2164.0,11.0,2173.0,-11.0,-0.275355667737498,2204.6,2258.6666666666665,-18.0,-16.88888888888889,0.49571181909877854,,False,11.221143973768752,2025-07-14,2025-07-01
2025-07-17,3.0,16.0,2.0,2153.0,17.0,2169.0,-15.0,-0.18407731247124248,2185.6,2249.7,-13.8,-16.7,0.4699749512050996,850.0,False,11.176597224522238,2025-07-14,2025-07-01
2025-07-18,,,,,,,,0.0,2185.6,2249.7,-13.8,-16.7,0.4699749512050996,,False,11.176597224522238,2025-07-14,2025-07-01
2025-07-19,,,,,,,,0.0,2185.6,2249.7,-13.8,-16.7,0.4699749512050996,,False,11.176597224522238,2025-07-14,2025-07-01
2025-07-20,,,,,,,,0.0,2177.75,2238.6666666666665,-15.75,-17.88888888888889,0.4682012413200768,,False,11.121783194780246,2025-07-14,2025-07-01
2025-07-21,4.0,18.0,7.0,2121.0,16.0,2139.0,-9.0,-1.3831258644536604,2165.0,2216.8888888888887,-11.75,-17.555555555555557,0.4843160607980506,228.57142857142856,False,11.013590346548316,2025-07-21,2025-07-01
2025-07-22,5.0,13.0,3.0,2117.0,16.0,2130.0,-13.0,-0.42075736325385416,2152.75,2195.5555555555557,-12.0,-17.666666666666668,0.4863041713981292,533.3333333333333,False,10.907605515627242,2025-07-21,2025-07-01
2025-07-23,6.0,21.0,5.0,2111.0,14.0,2132.0,-9.0,0.09389671361501595,2142.5,2177.0,-11.5,-15.11111111111111,0.4366488816903099,280.0,False,10.815420792899015,2025-07-21,2025-07-01
2025-07-24,6.0,18.0,7.0,2096.0,29.0,2114.0,-22.0,-0.8442776735459678,2128.75,2160.3333333333335,-13.25,-13.555555555555555,0.2891785961114776,414.28571428571433,False,10.732620143741926,2025-07-21,2025-07-01
2025-07-25,,,,,,,,0.0,2128.75,2160.3333333333335,-13.25,-13.555555555555555,0.2891785961114776,,False,10.732620143741926,2025-07-21,2025-07-01
2025-07-26,,,,,,,,0.0,2128.75,2160.3333333333335,-13.25,-13.555555555555555,0.2891785961114776,,False,10.732620143741926,2025-07-21,2025-07-01
2025-07-27,1.0,12.0,2.0,2088.0,4.0,2100.0,-2.0,-0.6622516556291425,2123.0,2147.3333333333335,-11.0,-13.11111111111111,0.32385355549548706,200.0,False,10.668035637399399,2025-07-21,2025-07-01
2025-07-28,2.0,9.0,3.0,2080.0,14.0,2089.0,-11.0,-0.5238095238095264,2113.0,2136.1111111111113,-11.4,-11.555555555555555,0.25004036971060445,466.6666666666667,False,10.61228320030029,2025-07-28,2025-07-01
2025-07-29,2.0,8.0,3.0,2072.0,12.0,2080.0,-9.0,-0.43082814743896636,2103.0,2125.1111111111113,-10.6,-11.222222222222221,0.2542543931418999,400.0,False,10.55763477185661,2025-07-28,2025-07-01
2025-07-30,4.0,15.0,4.0,2063.0,16.0,2078.0,-12.0,-0.09615384615384581,2092.2,2114.5555555555557,-11.2,-11.333333333333334,0.25576660300951953,400.0,False,10.505194360723788,2025-07-28,2025-07-01
2025-07-31,2.0,9.0,6.0,2058.0,15.0,2067.0,-9.0,-0.5293551491819093,2082.8,2103.222222222222,-8.6,-10.666666666666666,0.25046458813362876,250.0,False,10.448889919296967,2025-07-28,2025-07-01
2025-08-01,,,,,,,,0.0,2082.8,2103.222222222222,-8.6,-10.666666666666666,0.25046458813362876,,False,10.448889919296967,2025-07-28,2025-08-01
2025-08-02,,,,,,,,0.0,2082.8,2103.222222222222,-8.6,-10.666666666666666,0.25046458813362876,,False,10.448889919296967,2025-07-28,2025-08-01
2025-08-03,5.0,26.0,3.0,2049.0,5.0,2075.0,-2.0,0.38703434929849845,2077.8,2100.4,-8.6,-9.8,0.27006979478416615,166.66666666666669,False,10.434869009373033,2025-07-28,2025-08-01
2025-08-04,5.0,22.0,11.0,2040.0,14.0,2062.0,-3.0,-0.6265060240963849,2072.4,2092.7,-7.0,-9.2,0.2900541154830003,127.27272727272727,False,10.396615109462456,2025-08-04,2025-08-01
2025-08-05,2.0,21.0,10.0,2042.0,14.0,2063.0,-4.0,0.04849660523762456,2069.0,2086.0,-6.0,-8.3,0.2929535043227887,140.0,False,10.363329248501307,2025-08-04,2025-08-01
2025-08-06,4.0,17.0,3.0,2036.0,13.0,2053.0,-10.0,-0.4847309743092554,2064.0,2078.1,-5.6,-8.4,0.295071646537724,433.3333333333333,False,10.324081740800848,2025-08-04,2025-08-01
2025-08-07,4.0,18.0,6.0,2031.0,17.0,2049.0,-11.0,-0.1948368241597609,2060.4,2071.6,-6.0,-7.3,0.19581699075195313,283.33333333333337,False,10.291789487629583,2025-08-04,2025-08-01
2025-08-08,,,,,,,,0.0,2060.4,2071.6,-6.0,-7.3,0.19581699075195313,,False,10.291789487629583,2025-08-04,2025-08-01
2025-08-09,,,,,,,,0.0,2060.4,2071.6,-6.0,-7.3,0.19581699075195313,,False,10.291789487629583,2025-08-04,2025-08-01
2025-08-10,0.0,18.0,8.0,2006.0,12.0,2024.0,-4.0,-1.2201073694485087,2050.2,2064.0,-6.4,-7.5,0.18449062756438367,150.0,False,10.25403239161395,2025-08-04,2025-08-01
2025-08-11,6.0,23.0,4.0,1999.0,16.0,2022.0,-12.0,-0.09881422924901129,2042.2,2057.3,-8.2,-7.6,0.19061152863580472,400.0,False,10.2207465306528,2025-08-11,2025-08-01
2025-08-12,8.0,38.0,9.0,1999.0,9.0,2037.0,0.0,0.7418397626112849,2037.0,2053.0,-7.4,-6.7,0.22149451830200131,100.0,False,10.19938396317027,2025-08-11,2025-08-01
2025-08-13,6.0,22.0,12.0,1997.0,17.0,2019.0,-5.0,-0.8836524300441795,2030.2,2047.1,-6.4,-6.0,0.20337706994917035,141.66666666666669,False,10.17007253336866,2025-08-11,2025-08-01
2025-08-14,3.0,27.0,4.0,1994.0,11.0,2021.0,-7.0,0.0990589400693409,2024.6,2042.5,-5.6,-5.8,0.19827130214249408,275.0,False,10.147219554201305,2025-08-11,2025-08-01
2025-08-15,,,,,,,,0.0,2024.6,2042.5,-5.6,-5.8,0.19827130214249408,,False,10.147219554201305,2025-08-11,2025-08-01
2025-08-16,,,,,,,,0.0,2024.6,2042.5,-5.6,-5.8,0.19827130214249408,,False,10.147219554201305,2025-08-11,2025-08-01
2025-08-17,4.0,14.0,2.0,1991.0,3.0,2005.0,-1.0,-0.7916872835230127,2020.8,2035.5,-5.0,-5.7,0.2046016303823794,150.0,False,10.112443281555326,2025-08-11,2025-08-01
2025-08-18,4.0,20.0,6.0,1985.0,14.0,2005.0,-8.0,0.0,2017.4,2029.8,-4.2,-6.2,0.20219718161540678,233.33333333333334,False,10.084125459543603,2025-08-18,2025-08-01
2025-08-19,5.0,35.0,3.0,1980.0,11.0,2015.0,-8.0,0.4987531172069737,2013.0,2025.0,-5.8,-6.6,0.2005259895681353,366.66666666666663,False,10.06027887258636,2025-08-18,2025-08-01
2025-08-20,10.0,38.0,10.0,1983.0,10.0,2021.0,0.0,0.29776674937964653,2013.4,2021.8,-4.8,-5.6,0.21521639294451397,100.0,False,10.044381147948199,2025-08-18,2025-08-01
2025-08-21,6.0,49.0,8.0,1972.0,21.0,2021.0,-13.0,0.0,2013.4,2019.0,-6.0,-5.8,0.23090155175219043,262.5,False,10.030470638889808,2025-08-18,2025-08-01
2025-08-22,,,,,,,,0.0,2013.4,2019.0,-6.0,-5.8,0.23090155175219043,,False,10.030470638889808,2025-08-18,2025-08-01
2025-08-23,,,,,,,,0.0,2013.4,2019.0,-6.0,-5.8,0.23090155175219043,,False,10.030470638889808,2025-08-18,2025-08-01
2025-08-24,4.0,21.0,5.0,1981.0,5.0,2002.0,0.0,-0.9401286491835692,2012.8,2016.8,-5.8,-5.4,0.24758671573535995,100.0,False,10.019540953201073,2025-08-18,2025-08-01
2025-08-25,8.0,30.0,8.0,1980.0,11.0,2010.0,-3.0,0.3996003996004083,2013.8,2015.6,-4.8,-4.5,0.22094974558244984,137.5,False,10.01357930646176,2025-08-25,2025-08-01
2025-08-26,10.0,21.0,20.0,1989.0,15.0,2010.0,5.0,0.0,2012.8,2012.9,-2.2,-4.0,0.25973118620483676,75.0,False,10.000165601298313,2025-08-25,2025-08-01
2025-08-27,5.0,19.0,9.0,1988.0,19.0,2007.0,-10.0,-0.14925373134327957,2010.0,2011.7,-4.2,-4.5,0.27652100658269757,211.11111111111111,False,9.994203954559003,2025-08-25,2025-08-01
2025-08-28,8.0,33.0,6.0,1984.0,17.0,2017.0,-11.0,0.49825610363727346,2009.2,2011.3,-3.8,-4.9,0.29315997315310566,283.33333333333337,False,9.992216738979232,2025-08-25,2025-08-01
2025-08-29,,,,,,,,0.0,2009.2,2011.3,-3.8,-4.9,0.29315997315310566,,False,9.992216738979232,2025-08-25,2025-08-01
2025-08-30,,,,,,,,0.0,2009.2,2011.3,-3.8,-4.9,0.29315997315310566,,False,9.992216738979232,2025-08-25,2025-08-01
2025-08-31,,,,,,,,0.0,2011.0,2012.0,-4.75,-5.333333333333333,0.302324181426246,,False,9.99569436624383,2025-08-25,2025-08-01
2025-09-01,10.0,29.0,17.0,2010.0,5.0,2039.0,12.0,1.0907288051561714,2018.25,2015.7777777777778,-1.0,-3.111111111111111,0.40941743147847826,29.411764705882355,False,10.014462513386105,2025-09-01,2025-09-01
2025-09-02,6.0,35.0,9.0,2020.0,9.0,2055.0,0.0,0.7846983815595898,2029.5,2020.2222222222222,-2.25,-2.2222222222222223,0.4004398118856846,100.0,False,10.036542686494661,2025-09-01,2025-09-01
2025-09-03,4.0,29.0,11.0,2019.0,10.0,2048.0,1.0,-0.3406326034063212,2039.75,2023.2222222222222,0.5,-2.111111111111111,0.40187745348942,90.9090909090909,False,10.051446803342937,2025-09-01,2025-09-01
2025-09-04,11.0,40.0,2.0,2015.0,14.0,2055.0,-12.0,0.341796875,2049.25,2027.0,0.25,-2.0,0.3931272188087316,700.0,False,10.07021495048521,2025-09-01,2025-09-01
2025-09-05,,,,,,,,0.0,2049.25,2027.0,0.25,-2.0,0.3931272188087316,,False,10.07021495048521,2025-09-01,2025-09-01
2025-09-06,,,,,,,,0.0,2049.25,2027.0,0.25,-2.0,0.3931272188087316,,False,10.07021495048521,2025-09-01,2025-09-01
2025-09-07,4.0,19.0,9.0,2026.0,7.0,2045.0,2.0,-0.48661800486617945,2048.4,2031.7777777777778,0.6,-1.7777777777777777,0.3966384360844638,77.77777777777779,False,10.09395113657691,2025-09-01,2025-09-01
2025-09-08,7.0,25.0,5.0,2025.0,6.0,2050.0,-1.0,0.24449877750611915,2050.6,2036.2222222222222,-2.0,-1.5555555555555556,0.3952645356645388,120.0,False,10.116031309685466,2025-09-08,2025-09-01
2025-09-09,18.0,42.0,11.0,2023.0,14.0,2065.0,-3.0,0.7317073170731714,2052.6,2042.3333333333333,-2.6,-2.4444444444444446,0.375387628529377,127.27272727272727,False,10.146391547709733,2025-09-08,2025-09-01
2025-09-10,10.0,47.0,14.0,2025.0,18.0,2072.0,-4.0,0.3389830508474523,2057.4,2049.5555555555557,-3.6,-1.7777777777777777,0.34995285901568807,128.57142857142858,False,10.18227182901114,2025-09-08,2025-09-01
2025-09-11,12.0,38.0,29.0,2047.0,6.0,2085.0,23.0,0.6274131274131234,2063.4,2057.1111111111113,3.4,2.0,0.48975093204187675,20.689655172413794,True,13.059103977923739,2025-09-08,2025-09-01
2025-09-12,,,,,,,,0.0,2063.4,2057.1111111111113,3.4,2.0,0.48975093204187675,,True,13.059103977923739,2025-09-08,2025-09-01
2025-09-13,,,,,,,,0.0,2063.4,2057.1111111111113,3.4,2.0,0.48975093204187675,,True,13.059103977923739,2025-09-08,2025-09-01
2025-09-14,7.0,39.0,13.0,2083.0,5.0,2122.0,8.0,1.7745803357314127,2078.8,2063.6,4.6,2.6,0.46938298056943195,38.46153846153847,True,13.943129787050646,2025-09-08,2025-09-01
2025-09-15,9.0,47.0,10.0,2086.0,10.0,2133.0,0.0,0.5183788878416529,2095.4,2073.0,4.8,1.4,0.4398922722176653,100.0,True,12.286251840398412,2025-09-15,2025-09-01
2025-09-16,7.0,28.0,17.0,2095.0,12.0,2123.0,5.0,-0.46882325363337696,2107.0,2079.8,6.4,1.9,0.4409368792425744,70.58823529411765,True,13.02985846891152,2025-09-15,2025-09-01
2025-09-17,7.0,38.0,5.0,2096.0,13.0,2134.0,-8.0,0.5181347150259086,2119.4,2088.4,5.6,1.0,0.464248214653873,260.0,True,11.794900469293955,2025-09-15,2025-09-01
2025-09-18,20.0,52.0,11.0,2096.0,14.0,2148.0,-3.0,0.6560449859418949,2132.0,2097.7,0.4,1.9,0.41586172450896003,127.27272727272727,True,13.118786366106233,2025-09-15,2025-09-01
2025-09-19,,,,,,,,0.0,2132.0,2097.7,0.4,1.9,0.41586172450896003,,True,13.118786366106233,2025-09-15,2025-09-01
2025-09-20,,,,,,,,0.0,2132.0,2097.7,0.4,1.9,0.41586172450896003,,True,13.118786366106233,2025-09-15,2025-09-01
2025-09-21,8.0,35.0,13.0,2134.0,5.0,2169.0,8.0,0.9776536312849249,2141.4,2110.1,0.4,2.5,0.42343728270945485,38.46153846153847,True,14.032178805467524,2025-09-15,2025-09-01
2025-09-22,17.0,40.0,14.0,2141.0,10.0,2181.0,4.0,0.5532503457814641,2151.0,2123.2,1.2,3.0,0.41714802359911163,71.42857142857143,True,14.80708407936201,2025-09-22,2025-09-01
2025-09-23,11.0,36.0,10.0,2145.0,15.0,2181.0,-5.0,0.0,2162.6,2134.8,-0.8,2.8,0.4229131726245169,150.0,True,14.580783745712539,2025-09-22,2025-09-01
2025-09-24,3.0,38.0,12.0,2138.0,17.0,2176.0,-5.0,-0.22925263640531934,2171.0,2145.2,-0.2,2.7,0.4250018146297634,141.66666666666669,True,14.490486558055157,2025-09-22,2025-09-01
2025-09-25,6.0,35.0,12.0,2132.0,18.0,2167.0,-6.0,-0.4136029411764719,2174.8,2153.4,-0.8,-0.2,0.2801728081915784,150.0,False,10.698175073692576,2025-09-22,2025-09-01
2025-09-26,,,,,,,,0.0,2174.8,2153.4,-0.8,-0.2,0.2801728081915784,,False,10.698175073692576,2025-09-22,2025-09-01
2025-09-27,,,,,,,,0.0,2174.8,2153.4,-0.8,-0.2,0.2801728081915784,,False,10.698175073692576,2025-09-22,2025-09-01
2025-09-28,11.0,29.0,12.0,2146.0,9.0,2175.0,3.0,0.369173973234882,2176.0,2158.7,-1.8,-0.7,0.2528336420838248,75.0,False,10.724505680124532,2025-09-22,2025-09-01
2025-09-29,8.0,35.0,12.0,2148.0,13.0,2183.0,-1.0,0.36781609195402076,2176.4,2163.7,-2.8,-0.8,0.2520140505821282,108.33333333333333,False,10.749345874871658,2025-09-29,2025-09-01
2025-09-30,8.0,32.0,12.0,2159.0,7.0,2191.0,5.0,0.3664681630783262,2178.4,2170.5,-0.8,-0.8,0.25122451105484944,58.333333333333336,False,10.78312853972775,2025-09-29,2025-09-01
2025-10-01,4.0,33.0,12.0,2163.0,14.0,2196.0,-2.0,0.22820629849384932,2182.4,2176.7,-0.2,-0.2,0.22381067250346934,116.66666666666667,False,10.813930381214188,2025-09-29,2025-10-01
2025-10-02,20.0,51.0,15.0,2164.0,16.0,2215.0,-1.0,0.8652094717668479,2192.0,2183.4,0.8,0.0,0.2191185016396471,106.66666666666667,False,10.847216242175337,2025-09-29,2025-10-01
2025-10-03,,,,,,,,0.0,2192.0,2183.4,0.8,0.0,0.2191185016396471,,False,10.847216242175337,2025-09-29,2025-10-01
2025-10-04,,,,,,,,0.0,2192.0,2183.4,0.8,0.0,0.2191185016396471,,False,10.847216242175337,2025-09-29,2025-10-01
2025-10-05,8.0,28.0,13.0,2180.0,16.0,2208.0,-3.0,-0.31602708803611934,2198.6,2187.3,-0.4,-1.1,0.17960627889574843,123.07692307692308,False,10.866591594078098,2025-09-29,2025-10-01
2025-10-06,5.0,33.0,15.0,2187.0,10.0,2220.0,5.0,0.5434782608695565,2206.0,2191.2,0.8,-1.0,0.18631265537768457,66.66666666666666,False,10.885966945980854,2025-10-06,2025-10-01
2025-10-07,11.0,45.0,4.0,2189.0,10.0,2234.0,-6.0,0.6306306306306242,2214.6,2196.5,-1.4,-1.1,0.191297584510469,250.0,False,10.91229755241281,2025-10-06,2025-10-01
2025-10-08,8.0,49.0,15.0,2192.0,17.0,2241.0,-2.0,0.3133393017009878,2223.6,2203.0,-1.4,-0.8,0.18131822882656368,113.33333333333333,False,10.944589805584075,2025-10-06,2025-10-01
2025-10-09,11.0,55.0,13.0,2192.0,12.0,2247.0,1.0,0.2677376171352108,2230.0,2211.0,-1.0,-0.1,0.16160322262444898,92.3076923076923,False,10.984334117179479,2025-10-06,2025-10-01
2025-10-10,,,,,,,,0.0,2230.0,2211.0,-1.0,-0.1,0.16160322262444898,,False,10.984334117179479,2025-10-06,2025-10-01
2025-10-11,,,,,,,,0.0,2230.0,2211.0,-1.0,-0.1,0.16160322262444898,,False,10.984334117179479,2025-10-06,2025-10-01
2025-10-12,,,,,,,,0.0,2235.5,2215.0,-0.5,-0.4444444444444444,0.16295265483586402,,False,11.004206272977179,2025-10-06,2025-10-01
2025-10-13,8.0,24.0,7.0,2223.0,6.0,2247.0,1.0,0.0,2242.25,2222.1111111111113,-1.5,-0.2222222222222222,0.16346688372680232,85.71428571428571,False,11.039534549950872,2025-10-13,2025-10-01
2025-10-14,7.0,30.0,16.0,2235.0,8.0,2265.0,8.0,0.8010680907877266,2250.0,2230.3333333333335,2.0,0.1111111111111111,0.19081072089066883,50.0,True,11.23812152879215,2025-10-13,2025-10-01
2025-10-15,8.0,29.0,10.0,2225.0,15.0,2254.0,-5.0,-0.4856512141280356,2253.25,2236.777777777778,1.25,-0.2222222222222222,0.203378034831072,150.0,False,11.11239912120911,2025-10-13,2025-10-01
2025-10-16,9.0,33.0,15.0,2233.0,9.0,2266.0,6.0,0.5323868677906018,2258.0,2242.4444444444443,2.5,0.5555555555555556,0.22197777013765263,60.0,True,11.929244634874756,2025-10-13,2025-10-01
2025-10-17,,,,,,,,0.0,2258.0,2242.4444444444443,2.5,0.5555555555555556,0.22197777013765263,,True,11.929244634874756,2025-10-13,2025-10-01
2025-10-18,,,,,,,,0.0,2258.0,2242.4444444444443,2.5,0.5555555555555556,0.22197777013765263,,True,11.929244634874756,2025-10-13,2025-10-01
2025-10-19,9.0,34.0,17.0,2237.0,7.0,2271.0,10.0,0.22065313327448433,2260.6,2249.4444444444443,4.0,2.0,0.2514778377150463,41.17647058823529,True,14.014623469196549,2025-10-13,2025-10-01
2025-10-20,10.0,39.0,6.0,2243.0,7.0,2282.0,-1.0,0.484368119771017,2267.6,2256.3333333333335,3.6,1.3333333333333333,0.24874365844993201,116.66666666666667,True,13.102415785972129,2025-10-20,2025-10-01
2025-10-21,13.0,39.0,17.0,2251.0,9.0,2290.0,8.0,0.35056967572304476,2272.6,2262.5555555555557,3.6,2.888888888888889,0.2322430305518909,52.94117647058824,True,15.341669248590373,2025-10-20,2025-10-01
2025-10-22,12.0,42.0,13.0,2261.0,12.0,2303.0,1.0,0.5676855895196509,2282.4,2269.4444444444443,4.8,3.2222222222222223,0.2200733032621405,92.3076923076923,True,15.849109492679977,2025-10-20,2025-10-01
2025-10-23,4.0,27.0,26.0,2266.0,18.0,2293.0,8.0,-0.43421623968736833,2287.8,2274.5555555555557,5.2,4.0,0.22632179978711026,69.23076923076923,True,16.978672301887947,2025-10-20,2025-10-01
2025-10-24,,,,,,,,0.0,2287.8,2274.5555555555557,5.2,4.0,0.22632179978711026,,True,16.978672301887947,2025-10-20,2025-10-01
2025-10-25,,,,,,,,0.0,2287.8,2274.5555555555557,5.2,4.0,0.22632179978711026,,True,16.978672301887947,2025-10-20,2025-10-01
2025-10-26,4.0,35.0,12.0,2276.0,10.0,2311.0,2.0,0.7849978194504947,2295.8,2278.2,3.6,3.8,0.21483808671136884,83.33333333333334,True,16.712848458374157,2025-10-20,2025-10-01
2025-10-27,2.0,31.0,8.0,2282.0,11.0,2313.0,-3.0,0.08654262224145892,2302.0,2284.8,3.2,3.4,0.23177961144056378,137.5,True,16.17777834451476,2025-10-27,2025-10-01
2025-10-28,6.0,22.0,11.0,2286.0,6.0,2308.0,5.0,-0.2161694768698652,2305.6,2289.1,2.6,3.1,0.22222797259506735,54.54545454545454,True,15.773246533803079,2025-10-27,2025-10-01
2025-10-29,6.0,25.0,4.0,2280.0,17.0,2305.0,-13.0,-0.12998266897746857,2306.0,2294.2,-0.2,2.3,0.2977993946603123,425.0,True,14.662865190593926,2025-10-27,2025-10-01
2025-10-30,3.0,17.0,14.0,2287.0,12.0,2304.0,2.0,-0.04338394793925726,2308.2,2298.0,-1.4,1.9,0.2918788384701721,85.71428571428571,True,14.113884567676132,2025-10-27,2025-10-01
2025-10-31,,,,,,,,0.0,2308.2,2298.0,-1.4,1.9,0.2918788384701721,,True,14.113884567676132,2025-10-27,2025-10-01
2025-11-01,,,,,,,,0.0,2308.2,2298.0,-1.4,1.9,0.2918788384701721,,True,14.113884567676132,2025-10-27,2025-11-01
2025-11-02,5.0,21.0,10.0,2277.0,7.0,2298.0,3.0,-0.26041666666666297,2305.6,2300.7,-1.2,1.2,0.2654176067585458,70.0,True,13.133544723719762,2025-10-27,2025-11-01
2025-11-03,3.0,28.0,5.0,2269.0,12.0,2297.0,-7.0,-0.04351610095735259,2302.4,2302.2,-2.0,0.6,0.2875438933727897,240.0,True,12.289208025755485,2025-11-03,2025-11-01
2025-11-04,6.0,33.0,6.0,2270.0,8.0,2303.0,-2.0,0.2612102742707956,2301.4,2303.5,-3.4,-0.4,0.265410757962101,133.33333333333331,False,11.443877720001325,2025-11-03,2025-11-01
2025-11-05,8.0,41.0,8.0,2272.0,7.0,2313.0,1.0,0.43421623968735723,2303.0,2304.5,-0.6,-0.4,0.26529558731425457,87.5,False,11.44884575895075,2025-11-03,2025-11-01
2025-11-06,6.0,33.0,9.0,2264.0,19.0,2297.0,-10.0,-0.6917423259835687,2301.6,2304.9,-3.0,-2.2,0.26095694259791746,211.11111111111111,False,11.45083297453052,2025-11-03,2025-11-01
2025-11-07,,,,,,,,0.0,2301.6,2304.9,-3.0,-2.2,0.26095694259791746,,False,11.45083297453052,2025-11-03,2025-11-01
2025-11-08,,,,,,,,0.0,2301.6,2304.9,-3.0,-2.2,0.26095694259791746,,False,11.45083297453052,2025-11-03,2025-11-01
2025-11-09,11.0,33.0,5.0,2294.0,4.0,2327.0,1.0,1.3060513713539335,2307.4,2306.5,-3.4,-2.3,0.2577550132306815,80.0,False,11.458781836849601,2025-11-03,2025-11-01
2025-11-10,,,,,,,,0.0,2310.0,2305.777777777778,-2.5,-2.2222222222222223,0.2732419743363961,,False,11.45519380871946,2025-11-10,2025-11-01
2025-11-11,11.0,39.0,12.0,2294.0,14.0,2333.0,-2.0,0.25784271594326835,2317.5,2308.5555555555557,-2.5,-3.0,0.2469456328124403,116.66666666666667,False,11.468993916912309,2025-11-10,2025-11-01
2025-11-12,14.0,48.0,20.0,2302.0,7.0,2350.0,13.0,0.7286755250750065,2326.75,2313.5555555555557,0.5,-0.1111111111111111,0.28215093690654447,35.0,False,11.493834111659435,2025-11-10,2025-11-01
2025-11-13,6.0,26.0,16.0,2317.0,5.0,2343.0,11.0,-0.29787234042553123,2338.25,2317.8888888888887,5.75,0.8888888888888888,0.3238897165874881,31.25,True,12.777271549163855,2025-11-10,2025-11-01
2025-11-14,,,,,,,,0.0,2338.25,2317.8888888888887,5.75,0.8888888888888888,0.3238897165874881,,True,12.777271549163855,2025-11-10,2025-11-01
2025-11-15,,,,,,,,0.0,2338.25,2317.8888888888887,5.75,0.8888888888888888,0.3238897165874881,,True,12.777271549163855,2025-11-10,2025-11-01
2025-11-16,5.0,22.0,3.0,2340.0,5.0,2362.0,-2.0,0.8109261630388387,2347.0,2325.0,5.0,0.3333333333333333,0.32329669630902136,166.66666666666669,True,12.023906533185311,2025-11-10,2025-11-01
2025-11-17,1.0,35.0,6.0,2343.0,8.0,2378.0,-2.0,0.6773920406435208,2353.2,2334.0,3.6,0.8888888888888888,0.303295638126105,133.33333333333331,True,12.857312176682376,2025-11-17,2025-11-01
2025-11-18,2.0,38.0,8.0,2345.0,12.0,2383.0,-4.0,0.2102607232968845,2363.2,2342.8888888888887,3.2,0.6666666666666666,0.30778679198679604,150.0,True,12.585995205718595,2025-11-17,2025-11-01
2025-11-19,7.0,32.0,3.0,2340.0,10.0,2372.0,-7.0,-0.46160302140159093,2367.6,2349.4444444444443,-0.8,-0.2222222222222222,0.325391674850145,333.33333333333337,False,11.672131509511033,2025-11-17,2025-11-01
2025-11-20,18.0,57.0,8.0,2340.0,9.0,2397.0,-1.0,1.0539629005059004,2378.4,2360.5555555555557,-3.2,0.7777777777777778,0.28557893738975265,112.5,True,12.831502552415557,2025-11-17,2025-11-01
2025-11-21,,,,,,,,0.0,2378.4,2360.5555555555557,-3.2,0.7777777777777778,0.28557893738975265,,True,12.831502552415557,2025-11-17,2025-11-01
2025-11-22,,,,,,,,0.0,2378.4,2360.5555555555557,-3.2,0.7777777777777778,0.28557893738975265,,True,12.831502552415557,2025-11-17,2025-11-01
2025-11-23,3.0,46.0,22.0,2375.0,1.0,2421.0,21.0,1.001251564455563,2390.2,2371.0,1.4,3.0,0.40233623003661423,4.545454545454546,True,16.038164131029614,2025-11-17,2025-11-01
2025-11-24,9.0,40.0,9.0,2371.0,13.0,2411.0,-4.0,-0.41305245766212195,2396.8,2375.0,1.0,2.3,0.3899885959298435,144.44444444444443,True,15.064282737707495,2025-11-24,2025-11-01
2025-11-25,6.0,47.0,14.0,2375.0,11.0,2422.0,3.0,0.45624222314393226,2404.6,2383.9,2.4,2.8,0.3833399636718616,78.57142857142857,True,15.818322248014397,2025-11-24,2025-11-01
2025-11-26,,,,,,,,0.0,2412.75,2387.6666666666665,4.75,1.6666666666666667,0.3734305702943769,,True,14.228100877101335,2025-11-24,2025-11-01
2025-11-27,4.0,24.0,8.0,2389.0,7.0,2413.0,1.0,-0.37159372419488523,2416.75,2395.4444444444443,5.25,0.5555555555555556,0.342412583126173,87.5,True,12.689354594136837,2025-11-24,2025-11-01
2025-11-28,,,,,,,,0.0,2416.75,2395.4444444444443,5.25,0.5555555555555556,0.342412583126173,,True,12.689354594136837,2025-11-24,2025-11-01
2025-11-29,,,,,,,,0.0,2416.75,2395.4444444444443,5.25,0.5555555555555556,0.342412583126173,,True,12.689354594136837,2025-11-24,2025-11-01
2025-11-30,4.0,18.0,10.0,2415.0,0.0,2433.0,10.0,0.8288437629506928,2419.75,2403.3333333333335,2.5,1.8888888888888888,0.36180852873074554,0.0,True,14.621410804489896,2025-11-24,2025-11-01
2025-12-01,4.0,26.0,4.0,2410.0,9.0,2436.0,-5.0,0.12330456226881115,2426.0,2409.777777777778,2.25,1.5555555555555556,0.37006876304877157,225.0,True,14.18021107972596,2025-12-01,2025-12-01
2025-12-02,7.0,34.0,6.0,2407.0,8.0,2441.0,-2.0,0.20525451559934016,2430.75,2416.222222222222,1.0,1.7777777777777777,0.3636270216065949,133.33333333333331,True,14.52770464791426,2025-12-01,2025-12-01
2025-12-03,4.0,32.0,8.0,2419.0,7.0,2451.0,1.0,0.4096681687832948,2434.8,2425.0,1.0,2.6666666666666665,0.3369099925436098,87.5,True,15.833222258527242,2025-12-01,2025-12-01
2025-12-04,16.0,39.0,7.0,2418.0,13.0,2457.0,-6.0,0.244798041615657,2443.6,2431.6666666666665,-0.4,2.111111111111111,0.3540280074062437,185.71428571428572,True,15.07764922523784,2025-12-01,2025-12-01
2025-12-05,,,,,,,,0.0,2443.6,2431.6666666666665,-0.4,2.111111111111111,0.3540280074062437,,True,15.07764922523784,2025-12-01,2025-12-01
2025-12-06,,,,,,,,0.0,2443.6,2431.6666666666665,-0.4,2.111111111111111,0.3540280074062437,,True,15.07764922523784,2025-12-01,2025-12-01
2025-12-07,4.0,24.0,13.0,2429.0,12.0,2453.0,1.0,-0.16280016280015852,2447.6,2435.222222222222,-2.2,-0.1111111111111111,0.20163690098072354,92.3076923076923,False,12.098278850506187,2025-12-01,2025-12-01
2025-12-08,9.0,27.0,9.0,2440.0,4.0,2467.0,5.0,0.570729718711771,2453.8,2441.4444444444443,-0.2,0.8888888888888888,0.20216301226441183,44.44444444444444,True,13.391100361581746,2025-12-08,2025-12-01
2025-12-09,4.0,30.0,7.0,2443.0,8.0,2473.0,-1.0,0.2432103769760774,2460.2,2447.1111111111113,0.0,0.4444444444444444,0.2003102229819047,114.28571428571428,True,12.788297947933366,2025-12-08,2025-12-01
2025-12-10,10.0,54.0,5.0,2439.0,9.0,2493.0,-4.0,0.8087343307723316,2468.6,2451.7,-1.0,0.0,0.19702487724412115,180.0,False,12.180141092306162,2025-12-08,2025-12-01
2025-12-11,7.0,47.0,9.0,2437.0,10.0,2484.0,-1.0,-0.3610108303249149,2474.0,2458.8,0.0,-0.2,0.19626876059698484,111.11111111111111,False,12.215414168847085,2025-12-08,2025-12-01
2025-12-12,,,,,,,,0.0,2474.0,2458.8,0.0,-0.2,0.19626876059698484,,False,12.215414168847085,2025-12-08,2025-12-01
2025-12-13,,,,,,,,0.0,2474.0,2458.8,0.0,-0.2,0.19626876059698484,,False,12.215414168847085,2025-12-08,2025-12-01
2025-12-14,8.0,35.0,4.0,2462.0,8.0,2497.0,-4.0,0.523349436392917,2482.8,2465.2,-1.0,-1.6,0.1354856947359238,200.0,False,12.247209618123405,2025-12-08,2025-12-01
2025-12-15,11.0,42.0,9.0,2470.0,7.0,2512.0,2.0,0.6007208650380402,2491.8,2472.8,-1.6,-0.9,0.13269410872761392,77.77777777777779,False,12.28496671413904,2025-12-15,2025-12-01
2025-12-16,8.0,54.0,15.0,2468.0,9.0,2522.0,6.0,0.398089171974525,2501.6,2480.9,-0.2,-0.1,0.15720675752904492,60.0,False,12.325207829629385,2025-12-15,2025-12-01
2025-12-17,7.0,31.0,11.0,2481.0,10.0,2512.0,1.0,-0.3965107057890549,2505.4,2487.0,0.8,-0.1,0.156821167974993,90.9090909090909,False,12.35551286722088,2025-12-15,2025-12-01
2025-12-18,11.0,50.0,6.0,2472.0,16.0,2522.0,-10.0,0.398089171974525,2513.0,2493.5,-1.0,-0.5,0.18834306267760273,266.66666666666663,False,12.387805120392144,2025-12-15,2025-12-01
2025-12-19,,,,,,,,0.0,2513.0,2493.5,-1.0,-0.5,0.18834306267760273,,False,12.387805120392144,2025-12-15,2025-12-01
2025-12-20,,,,,,,,0.0,2513.0,2493.5,-1.0,-0.5,0.18834306267760273,,False,12.387805120392144,2025-12-15,2025-12-01
2025-12-21,6.0,18.0,11.0,2484.0,14.0,2502.0,-3.0,-0.7930214115781098,2514.0,2498.4,-0.8,-0.9,0.18910662439847295,127.27272727272727,False,12.412148511244329,2025-12-15,2025-12-01
